track,sample,lon,lat,pressure
Invest_AIGEFS,1,162.0,47.75,984.65466
Invest_AIGEFS,1,163.0,48.25,983.43915
Invest_AIGEFS,1,165.0,48.75,986.3239
Invest_AIGEFS,1,169.25,49.5,989.5773
Invest_AIGEFS,1,172.0,51.25,994.3128
Invest_AIGEFS,1,122.5,48.75,998.30493
Invest_AIGEFS,1,115.5,16.0,994.51294
Invest_AIGEFS,1,114.0,17.75,981.35175
Invest_AIGEFS,1,112.0,19.0,973.98474
Invest_AIGEFS,1,111.25,19.75,964.8882
Invest_AIGEFS,1,110.5,21.25,965.5139
Invest_AIGEFS,1,153.75,13.5,973.164
Invest_AIGEFS,1,151.25,15.25,972.1828
Invest_AIGEFS,1,148.25,16.0,968.8365
Invest_AIGEFS,1,144.75,16.5,970.1183
Invest_AIGEFS,1,142.0,17.0,964.42194
Invest_AIGEFS,1,139.25,17.25,960.4408
Invest_AIGEFS,1,136.25,18.25,959.1808
Invest_AIGEFS,1,132.75,19.0,959.82935
Invest_AIGEFS,1,129.75,19.75,955.8664
Invest_AIGEFS,1,127.25,20.75,955.818
Invest_AIGEFS,2,162.0,47.5,984.5795
Invest_AIGEFS,2,164.25,49.25,978.957
Invest_AIGEFS,2,166.5,49.75,982.6993
Invest_AIGEFS,2,168.0,50.75,985.5237
Invest_AIGEFS,2,119.75,13.0,988.45734
Invest_AIGEFS,2,117.5,14.25,981.59796
Invest_AIGEFS,2,115.0,15.25,981.8705
Invest_AIGEFS,2,113.75,16.25,969.181
Invest_AIGEFS,2,112.0,17.5,965.2731
Invest_AIGEFS,2,110.75,18.5,959.3854
Invest_AIGEFS,2,110.0,19.5,958.91956
Invest_AIGEFS,2,109.25,20.5,954.28485
Invest_AIGEFS,2,153.75,16.0,962.28784
Invest_AIGEFS,2,151.75,16.75,962.8086
Invest_AIGEFS,2,149.75,17.75,956.3445
Invest_AIGEFS,2,148.0,18.75,957.41095
Invest_AIGEFS,2,145.5,19.75,960.2068
Invest_AIGEFS,2,143.25,21.0,956.27423
Invest_AIGEFS,2,141.25,22.5,959.59827
Invest_AIGEFS,2,138.75,25.0,965.74524
Invest_AIGEFS,2,136.5,27.5,965.6071
Invest_AIGEFS,3,161.75,47.5,983.63275
Invest_AIGEFS,3,164.25,47.75,980.37524
Invest_AIGEFS,3,168.25,49.0,983.97815
Invest_AIGEFS,3,169.25,50.5,987.4536
Invest_AIGEFS,3,169.25,51.75,990.21564
Invest_AIGEFS,3,119.0,14.0,990.2131
Invest_AIGEFS,3,117.0,14.5,991.8989
Invest_AIGEFS,3,115.75,15.5,980.9927
Invest_AIGEFS,3,114.25,16.5,973.303
Invest_AIGEFS,3,113.0,17.75,963.40765
Invest_AIGEFS,3,111.25,18.5,956.84406
Invest_AIGEFS,3,110.0,19.25,956.8382
Invest_AIGEFS,3,108.75,19.75,952.07513
Invest_AIGEFS,3,107.75,20.25,958.42456
Invest_AIGEFS,3,139.75,16.5,965.22876
Invest_AIGEFS,3,136.75,16.5,961.04443
Invest_AIGEFS,3,133.75,16.5,956.4104
Invest_AIGEFS,3,130.5,17.25,957.098
Invest_AIGEFS,3,128.25,17.75,944.534
Invest_AIGEFS,3,126.25,18.5,949.05804
Invest_AIGEFS,3,124.5,19.25,942.7903
Invest_AIGEFS,4,161.75,47.75,983.53455
Invest_AIGEFS,4,163.0,48.25,979.83014
Invest_AIGEFS,4,166.75,49.0,982.86255
Invest_AIGEFS,4,168.0,50.25,986.2981
Invest_AIGEFS,4,166.25,10.0,987.27734
Invest_AIGEFS,4,165.25,11.0,988.3932
Invest_AIGEFS,4,115.5,14.5,985.6266
Invest_AIGEFS,4,114.25,15.25,972.8789
Invest_AIGEFS,4,113.5,16.0,962.2508
Invest_AIGEFS,4,112.5,17.5,960.915
Invest_AIGEFS,4,111.0,18.75,963.28235
Invest_AIGEFS,4,109.75,19.75,956.91833
Invest_AIGEFS,4,109.0,21.5,964.59924
Invest_AIGEFS,4,149.25,18.5,969.3248
Invest_AIGEFS,4,146.75,18.75,967.5729
Invest_AIGEFS,4,143.75,19.0,962.8865
Invest_AIGEFS,4,140.75,19.0,960.1665
Invest_AIGEFS,4,138.25,19.5,954.02924
Invest_AIGEFS,4,135.75,20.0,953.3522
Invest_AIGEFS,4,133.0,21.25,957.2361
Invest_AIGEFS,4,130.75,22.25,955.7473
Invest_AIGEFS,5,161.75,47.5,982.47186
Invest_AIGEFS,5,163.25,48.75,978.63116
Invest_AIGEFS,5,166.75,49.0,980.964
Invest_AIGEFS,5,169.25,50.5,986.5173
Invest_AIGEFS,5,171.25,51.75,991.51984
Invest_AIGEFS,5,175.0,52.75,996.363
Invest_AIGEFS,5,114.0,14.0,996.5979
Invest_AIGEFS,5,113.0,14.75,986.3486
Invest_AIGEFS,5,159.0,11.5,982.592
Invest_AIGEFS,5,156.75,12.0,973.264
Invest_AIGEFS,5,154.25,13.0,971.8208
Invest_AIGEFS,5,109.75,20.75,963.49475
Invest_AIGEFS,5,149.0,15.0,970.0581
Invest_AIGEFS,5,146.25,16.0,968.5686
Invest_AIGEFS,5,143.0,16.25,964.44836
Invest_AIGEFS,5,140.5,16.5,957.6942
Invest_AIGEFS,5,137.25,17.0,961.62555
Invest_AIGEFS,5,134.75,17.5,956.4432
Invest_AIGEFS,5,131.75,17.75,962.12256
Invest_AIGEFS,5,129.25,18.75,957.6992
Invest_AIGEFS,5,127.0,19.75,953.41425
Invest_AIGEFS,6,162.0,47.25,984.51984
Invest_AIGEFS,6,165.5,47.5,981.7004
Invest_AIGEFS,6,168.75,49.0,983.6051
Invest_AIGEFS,6,170.5,50.25,987.8777
Invest_AIGEFS,6,172.75,51.5,993.0789
Invest_AIGEFS,6,176.0,53.25,997.16406
Invest_AIGEFS,6,160.75,11.75,996.8697
Invest_AIGEFS,6,160.75,12.0,992.6857
Invest_AIGEFS,6,158.75,13.75,984.20154
Invest_AIGEFS,6,156.75,14.75,975.2302
Invest_AIGEFS,6,155.0,15.5,971.6336
Invest_AIGEFS,6,153.0,16.0,964.678
Invest_AIGEFS,6,151.0,16.75,961.4311
Invest_AIGEFS,6,148.25,17.0,956.73615
Invest_AIGEFS,6,145.75,17.75,954.85236
Invest_AIGEFS,6,143.25,18.0,954.1086
Invest_AIGEFS,6,140.5,18.75,954.9433
Invest_AIGEFS,6,138.0,19.25,949.4032
Invest_AIGEFS,6,135.25,20.0,951.3278
Invest_AIGEFS,6,132.5,20.75,952.2378
Invest_AIGEFS,6,130.25,21.5,943.53094
Invest_AIGEFS,7,162.0,47.5,985.0106
Invest_AIGEFS,7,164.5,49.0,981.7554
Invest_AIGEFS,7,167.5,48.75,984.7483
Invest_AIGEFS,7,169.25,50.25,988.67584
Invest_AIGEFS,7,170.75,50.75,993.7079
Invest_AIGEFS,7,118.25,14.0,995.0683
Invest_AIGEFS,7,163.5,12.5,983.12915
Invest_AIGEFS,7,162.0,13.75,972.3805
Invest_AIGEFS,7,160.5,14.5,970.8016
Invest_AIGEFS,7,158.5,15.5,971.8801
Invest_AIGEFS,7,157.0,15.75,966.6936
Invest_AIGEFS,7,109.75,20.75,966.15295
Invest_AIGEFS,7,152.75,17.75,962.85516
Invest_AIGEFS,7,150.25,18.5,961.4814
Invest_AIGEFS,7,148.75,19.5,953.0863
Invest_AIGEFS,7,147.0,20.5,948.8312
Invest_AIGEFS,7,145.75,21.75,952.22595
Invest_AIGEFS,7,144.0,23.25,954.5722
Invest_AIGEFS,7,141.75,24.0,953.8028
Invest_AIGEFS,7,139.75,25.75,956.642
Invest_AIGEFS,7,138.0,27.25,957.34143
Invest_AIGEFS,8,161.25,47.5,983.75104
Invest_AIGEFS,8,165.0,49.5,980.2343
Invest_AIGEFS,8,165.25,49.0,982.0817
Invest_AIGEFS,8,168.75,50.25,984.7742
Invest_AIGEFS,8,173.25,51.25,991.7592
Invest_AIGEFS,8,119.25,14.25,984.32416
Invest_AIGEFS,8,117.25,15.0,976.74023
Invest_AIGEFS,8,115.75,15.5,971.48706
Invest_AIGEFS,8,114.5,16.25,961.988
Invest_AIGEFS,8,113.5,17.75,965.3782
Invest_AIGEFS,8,111.75,18.75,959.0747
Invest_AIGEFS,8,110.25,19.75,953.05695
Invest_AIGEFS,8,109.5,20.5,954.39813
Invest_AIGEFS,8,109.0,21.75,971.8105
Invest_AIGEFS,8,108.5,23.75,987.4422
Invest_AIGEFS,8,144.25,15.75,987.16974
Invest_AIGEFS,8,141.25,16.5,978.42914
Invest_AIGEFS,8,138.75,17.25,972.2503
Invest_AIGEFS,8,136.0,18.0,971.13837
Invest_AIGEFS,8,132.75,19.0,970.1094
Invest_AIGEFS,8,130.25,19.75,962.9146
Invest_AIGEFS,9,161.25,46.5,984.10187
Invest_AIGEFS,9,164.25,48.5,980.11444
Invest_AIGEFS,9,166.75,49.0,982.0769
Invest_AIGEFS,9,169.0,50.25,986.80664
Invest_AIGEFS,9,170.25,50.75,991.7171
Invest_AIGEFS,9,120.0,60.0,997.7594
Invest_AIGEFS,9,160.75,10.75,985.77594
Invest_AIGEFS,9,159.0,11.75,976.8524
Invest_AIGEFS,9,157.0,12.75,974.0861
Invest_AIGEFS,9,155.0,13.75,973.076
Invest_AIGEFS,9,152.25,14.75,971.3563
Invest_AIGEFS,9,111.25,21.5,967.6013
Invest_AIGEFS,9,146.75,16.5,970.5348
Invest_AIGEFS,9,143.75,17.0,967.32196
Invest_AIGEFS,9,141.0,17.75,961.77094
Invest_AIGEFS,9,137.75,18.25,964.2251
Invest_AIGEFS,9,134.5,18.5,962.60205
Invest_AIGEFS,9,131.25,19.0,959.70905
Invest_AIGEFS,9,129.0,19.25,956.2511
Invest_AIGEFS,9,126.75,19.75,948.674
Invest_AIGEFS,9,125.5,20.75,948.2113
Invest_AIGEFS,10,161.0,47.0,983.7477
Invest_AIGEFS,10,164.0,49.0,979.8205
Invest_AIGEFS,10,167.75,49.0,982.7134
Invest_AIGEFS,10,169.25,50.75,986.03076
Invest_AIGEFS,10,170.75,51.25,993.16296
Invest_AIGEFS,10,119.0,13.25,989.2676
Invest_AIGEFS,10,117.5,14.0,990.1644
Invest_AIGEFS,10,116.25,15.25,979.53925
Invest_AIGEFS,10,114.75,16.25,967.7139
Invest_AIGEFS,10,113.75,17.75,965.286
Invest_AIGEFS,10,112.25,19.5,962.44727
Invest_AIGEFS,10,110.75,21.5,964.2475
Invest_AIGEFS,10,155.25,15.5,974.53625
Invest_AIGEFS,10,153.25,16.5,972.87146
Invest_AIGEFS,10,151.0,17.25,967.63763
Invest_AIGEFS,10,148.75,17.75,965.1516
Invest_AIGEFS,10,146.5,18.0,960.2308
Invest_AIGEFS,10,143.75,18.5,960.67365
Invest_AIGEFS,10,141.25,19.0,960.5108
Invest_AIGEFS,10,138.25,19.75,960.49615
Invest_AIGEFS,10,135.25,20.25,959.1969
Invest_AIGEFS,11,162.0,47.5,983.1195
Invest_AIGEFS,11,165.0,48.25,980.3463
Invest_AIGEFS,11,168.25,49.25,982.7686
Invest_AIGEFS,11,171.0,50.75,987.65594
Invest_AIGEFS,11,171.75,51.0,993.3267
Invest_AIGEFS,11,119.5,14.5,987.2492
Invest_AIGEFS,11,117.0,16.25,989.17377
Invest_AIGEFS,11,114.5,17.5,980.54974
Invest_AIGEFS,11,113.0,18.25,970.9652
Invest_AIGEFS,11,112.0,19.5,965.6893
Invest_AIGEFS,11,110.5,21.0,971.0396
Invest_AIGEFS,11,152.0,14.0,968.8855
Invest_AIGEFS,11,149.5,15.0,970.5611
Invest_AIGEFS,11,146.75,15.75,967.7562
Invest_AIGEFS,11,143.5,17.0,970.1742
Invest_AIGEFS,11,140.75,17.5,960.1964
Invest_AIGEFS,11,137.5,18.5,963.01984
Invest_AIGEFS,11,134.25,19.5,957.438
Invest_AIGEFS,11,131.25,20.0,956.83954
Invest_AIGEFS,11,129.0,20.5,957.84045
Invest_AIGEFS,11,126.75,21.5,948.0814
Invest_AIGEFS,12,161.25,47.75,984.0315
Invest_AIGEFS,12,163.75,48.0,981.9729
Invest_AIGEFS,12,167.75,48.75,984.48413
Invest_AIGEFS,12,169.5,50.25,988.25464
Invest_AIGEFS,12,172.75,51.5,993.24695
Invest_AIGEFS,12,118.5,13.75,984.427
Invest_AIGEFS,12,116.25,14.5,975.78577
Invest_AIGEFS,12,114.5,15.5,969.0236
Invest_AIGEFS,12,112.75,16.5,967.04584
Invest_AIGEFS,12,111.5,18.25,966.349
Invest_AIGEFS,12,109.75,19.5,965.77856
Invest_AIGEFS,12,107.75,21.5,971.4307
Invest_AIGEFS,12,107.25,22.25,988.7425
Invest_AIGEFS,12,100.5,39.0,992.9165
Invest_AIGEFS,12,148.75,12.0,990.75336
Invest_AIGEFS,12,147.0,13.5,987.29236
Invest_AIGEFS,12,144.5,14.25,979.30237
Invest_AIGEFS,12,141.25,16.0,975.928
Invest_AIGEFS,12,138.0,16.75,971.9152
Invest_AIGEFS,12,135.25,17.5,961.1995
Invest_AIGEFS,12,132.75,18.0,960.81335
Invest_AIGEFS,13,161.75,48.0,983.258
Invest_AIGEFS,13,163.25,49.0,980.83026
Invest_AIGEFS,13,166.5,49.5,983.2707
Invest_AIGEFS,13,167.75,50.25,987.79584
Invest_AIGEFS,13,171.75,51.25,992.97705
Invest_AIGEFS,13,176.75,54.25,997.4559
Invest_AIGEFS,13,120.5,60.0,999.59174
Invest_AIGEFS,13,119.75,51.5,997.1794
Invest_AIGEFS,13,100.0,39.25,997.6529
Invest_AIGEFS,13,100.25,39.0,993.928
Invest_AIGEFS,13,100.25,39.25,994.9896
Invest_AIGEFS,13,102.75,38.0,993.88306
Invest_AIGEFS,13,148.0,13.0,992.41846
Invest_AIGEFS,13,145.75,14.5,980.721
Invest_AIGEFS,13,142.75,15.25,974.8246
Invest_AIGEFS,13,139.5,15.5,973.42456
Invest_AIGEFS,13,136.25,15.75,971.35944
Invest_AIGEFS,13,133.0,16.0,966.51086
Invest_AIGEFS,13,130.0,16.5,963.2032
Invest_AIGEFS,13,127.5,17.5,962.1911
Invest_AIGEFS,13,124.75,18.5,961.2764
Invest_AIGEFS,14,162.0,47.5,984.35126
Invest_AIGEFS,14,163.75,48.0,980.7469
Invest_AIGEFS,14,167.25,48.5,982.3
Invest_AIGEFS,14,169.0,50.0,986.86945
Invest_AIGEFS,14,171.25,51.0,991.6066
Invest_AIGEFS,14,175.25,52.75,996.1926
Invest_AIGEFS,14,118.0,15.25,988.0056
Invest_AIGEFS,14,116.5,16.75,981.60187
Invest_AIGEFS,14,115.25,18.5,974.2665
Invest_AIGEFS,14,157.25,14.0,975.3533
Invest_AIGEFS,14,155.75,15.25,975.91815
Invest_AIGEFS,14,153.25,16.75,976.10376
Invest_AIGEFS,14,151.0,17.5,971.497
Invest_AIGEFS,14,148.0,18.25,974.85724
Invest_AIGEFS,14,145.25,18.5,973.74744
Invest_AIGEFS,14,142.25,18.75,971.9867
Invest_AIGEFS,14,139.25,18.25,970.78455
Invest_AIGEFS,14,135.5,18.25,970.6264
Invest_AIGEFS,14,132.5,18.0,966.3159
Invest_AIGEFS,14,129.5,18.0,964.1883
Invest_AIGEFS,14,126.25,17.75,960.6199
Invest_AIGEFS,15,161.5,47.5,984.02893
Invest_AIGEFS,15,163.5,47.75,980.7255
Invest_AIGEFS,15,167.75,48.75,984.197
Invest_AIGEFS,15,170.0,50.75,988.6315
Invest_AIGEFS,15,171.25,51.75,993.6707
Invest_AIGEFS,15,118.5,15.75,996.6033
Invest_AIGEFS,15,116.0,16.25,997.54474
Invest_AIGEFS,15,115.0,17.0,989.64655
Invest_AIGEFS,15,113.5,17.75,980.46594
Invest_AIGEFS,15,112.5,19.25,975.6906
Invest_AIGEFS,15,111.5,21.0,973.6247
Invest_AIGEFS,15,110.25,22.75,982.9102
Invest_AIGEFS,15,153.0,18.25,981.6951
Invest_AIGEFS,15,150.75,19.5,973.5363
Invest_AIGEFS,15,149.0,20.0,971.4221
Invest_AIGEFS,15,147.5,21.0,966.84015
Invest_AIGEFS,15,146.25,21.75,963.03925
Invest_AIGEFS,15,145.25,22.75,953.10406
Invest_AIGEFS,15,144.0,24.25,963.5946
Invest_AIGEFS,15,142.25,25.5,959.7765
Invest_AIGEFS,15,140.75,26.5,958.71826
Invest_AIGEFS,16,161.75,47.5,984.2882
Invest_AIGEFS,16,164.5,48.5,980.8323
Invest_AIGEFS,16,167.25,48.75,982.82007
Invest_AIGEFS,16,168.75,50.5,986.77295
Invest_AIGEFS,16,171.0,50.75,991.8077
Invest_AIGEFS,16,118.0,13.75,988.13226
Invest_AIGEFS,16,116.0,14.5,981.4657
Invest_AIGEFS,16,114.5,15.25,968.6315
Invest_AIGEFS,16,113.5,16.0,960.4933
Invest_AIGEFS,16,112.0,17.75,963.6395
Invest_AIGEFS,16,110.5,18.75,963.73047
Invest_AIGEFS,16,108.75,20.0,969.2502
Invest_AIGEFS,16,107.75,21.25,964.36487
Invest_AIGEFS,16,150.5,16.75,969.7102
Invest_AIGEFS,16,148.0,17.25,965.59515
Invest_AIGEFS,16,145.75,18.0,957.68774
Invest_AIGEFS,16,143.75,18.75,956.9051
Invest_AIGEFS,16,141.75,20.0,947.53705
Invest_AIGEFS,16,140.0,21.5,950.969
Invest_AIGEFS,16,138.0,23.0,954.5689
Invest_AIGEFS,16,136.25,24.75,954.53516
Invest_AIGEFS,17,162.0,47.75,984.65466
Invest_AIGEFS,17,163.25,48.0,983.53485
Invest_AIGEFS,17,166.75,49.25,986.0321
Invest_AIGEFS,17,169.25,50.0,989.8108
Invest_AIGEFS,17,171.25,51.25,994.5011
Invest_AIGEFS,17,117.75,16.0,994.7611
Invest_AIGEFS,17,116.5,16.5,988.8964
Invest_AIGEFS,17,114.75,17.75,985.1699
Invest_AIGEFS,17,113.25,19.25,977.67596
Invest_AIGEFS,17,111.75,21.0,972.315
Invest_AIGEFS,17,111.0,22.75,977.3469
Invest_AIGEFS,17,154.75,12.75,981.7771
Invest_AIGEFS,17,152.5,14.0,981.5718
Invest_AIGEFS,17,150.0,15.0,976.372
Invest_AIGEFS,17,147.25,16.0,965.6791
Invest_AIGEFS,17,143.75,16.25,966.2435
Invest_AIGEFS,17,140.5,17.0,966.27167
Invest_AIGEFS,17,137.0,17.25,958.6485
Invest_AIGEFS,17,134.0,17.75,952.78174
Invest_AIGEFS,17,131.5,18.0,946.6543
Invest_AIGEFS,17,129.25,18.5,949.378
Invest_AIGEFS,18,162.0,47.5,984.5795
Invest_AIGEFS,18,164.5,48.75,980.1811
Invest_AIGEFS,18,166.5,50.0,982.4879
Invest_AIGEFS,18,167.0,50.0,986.4941
Invest_AIGEFS,18,120.25,12.5,991.5769
Invest_AIGEFS,18,118.0,14.5,987.1209
Invest_AIGEFS,18,115.75,15.75,980.8258
Invest_AIGEFS,18,114.0,16.25,967.1697
Invest_AIGEFS,18,112.5,17.5,962.5698
Invest_AIGEFS,18,111.5,18.75,956.3448
Invest_AIGEFS,18,110.5,19.75,950.9292
Invest_AIGEFS,18,110.25,21.0,958.67865
Invest_AIGEFS,18,152.25,15.0,972.9575
Invest_AIGEFS,18,150.75,15.5,971.32654
Invest_AIGEFS,18,149.75,16.25,969.52783
Invest_AIGEFS,18,148.25,17.5,968.3953
Invest_AIGEFS,18,146.5,18.0,965.00726
Invest_AIGEFS,18,145.0,19.25,961.4558
Invest_AIGEFS,18,143.25,20.0,958.4625
Invest_AIGEFS,18,141.5,21.25,955.5786
Invest_AIGEFS,18,139.25,22.25,958.2946
Invest_AIGEFS,19,161.75,47.5,983.63275
Invest_AIGEFS,19,164.5,47.25,980.66675
Invest_AIGEFS,19,168.5,49.0,983.43256
Invest_AIGEFS,19,169.5,51.0,988.5281
Invest_AIGEFS,19,169.5,51.0,992.81537
Invest_AIGEFS,19,173.25,53.0,997.1755
Invest_AIGEFS,19,116.25,14.25,994.86475
Invest_AIGEFS,19,115.25,15.75,982.0555
Invest_AIGEFS,19,151.75,12.75,980.4157
Invest_AIGEFS,19,112.25,18.25,971.0889
Invest_AIGEFS,19,146.75,14.25,969.13666
Invest_AIGEFS,19,144.25,14.75,963.5121
Invest_AIGEFS,19,141.0,15.75,964.8575
Invest_AIGEFS,19,137.75,16.0,957.3164
Invest_AIGEFS,19,134.5,16.75,963.13416
Invest_AIGEFS,19,131.75,16.5,958.61237
Invest_AIGEFS,19,129.0,17.25,951.79315
Invest_AIGEFS,19,127.0,18.0,944.98883
Invest_AIGEFS,19,125.25,18.75,944.8873
Invest_AIGEFS,19,123.5,19.5,946.22974
Invest_AIGEFS,19,122.0,21.25,954.51514
Invest_AIGEFS,20,161.75,47.75,983.53455
Invest_AIGEFS,20,163.5,48.0,980.22437
Invest_AIGEFS,20,166.25,48.75,982.9161
Invest_AIGEFS,20,169.0,50.25,988.0461
Invest_AIGEFS,20,170.75,51.5,994.88513
Invest_AIGEFS,20,118.0,14.25,997.39514
Invest_AIGEFS,20,115.25,15.25,999.02484
Invest_AIGEFS,20,115.0,15.5,995.7631
Invest_AIGEFS,20,113.5,16.0,988.58923
Invest_AIGEFS,20,111.5,17.5,976.2355
Invest_AIGEFS,20,110.25,18.75,970.6025
Invest_AIGEFS,20,109.0,20.25,960.1614
Invest_AIGEFS,20,108.25,21.5,961.8389
Invest_AIGEFS,20,153.0,15.75,971.1473
Invest_AIGEFS,20,151.0,16.25,969.58264
Invest_AIGEFS,20,148.0,17.0,967.9486
Invest_AIGEFS,20,145.5,17.25,964.3066
Invest_AIGEFS,20,142.5,18.0,962.197
Invest_AIGEFS,20,139.75,18.5,959.29584
Invest_AIGEFS,20,136.5,19.5,964.17224
Invest_AIGEFS,20,133.75,20.0,960.05475
Invest_AIGEFS,21,161.75,47.5,982.47186
Invest_AIGEFS,21,164.0,48.75,978.6486
Invest_AIGEFS,21,166.5,48.75,981.1529
Invest_AIGEFS,21,169.25,50.5,986.7745
Invest_AIGEFS,21,170.5,51.25,990.9668
Invest_AIGEFS,21,175.0,53.5,997.8761
Invest_AIGEFS,21,162.25,9.5,989.17163
Invest_AIGEFS,21,160.25,11.0,984.35724
Invest_AIGEFS,21,158.25,12.5,969.3117
Invest_AIGEFS,21,155.5,12.75,965.8917
Invest_AIGEFS,21,152.75,13.75,967.12054
Invest_AIGEFS,21,150.0,14.25,966.2111
Invest_AIGEFS,21,146.25,15.0,970.72797
Invest_AIGEFS,21,143.75,15.75,959.81476
Invest_AIGEFS,21,140.5,16.25,959.87854
Invest_AIGEFS,21,137.5,16.75,960.40643
Invest_AIGEFS,21,134.75,17.75,955.07104
Invest_AIGEFS,21,132.0,18.25,954.91016
Invest_AIGEFS,21,129.75,18.5,953.6442
Invest_AIGEFS,21,127.75,19.5,947.5433
Invest_AIGEFS,21,125.75,20.0,950.484
Invest_AIGEFS,22,162.0,47.25,984.51984
Invest_AIGEFS,22,164.25,48.25,981.22144
Invest_AIGEFS,22,168.5,49.0,984.09326
Invest_AIGEFS,22,169.75,50.5,988.46924
Invest_AIGEFS,22,170.25,50.25,994.1074
Invest_AIGEFS,22,176.75,54.0,998.05255
Invest_AIGEFS,22,114.25,17.5,996.2216
Invest_AIGEFS,22,161.25,13.5,987.1118
Invest_AIGEFS,22,160.0,14.75,972.6273
Invest_AIGEFS,22,158.5,15.5,967.80695
Invest_AIGEFS,22,156.75,16.0,964.4343
Invest_AIGEFS,22,154.75,16.5,961.59705
Invest_AIGEFS,22,152.5,17.5,957.0673
Invest_AIGEFS,22,150.25,18.0,954.654
Invest_AIGEFS,22,147.75,18.75,953.8822
Invest_AIGEFS,22,145.5,20.0,953.9291
Invest_AIGEFS,22,143.0,21.0,953.21765
Invest_AIGEFS,22,141.0,22.75,953.219
Invest_AIGEFS,22,139.25,23.75,951.27893
Invest_AIGEFS,22,137.0,25.0,958.1446
Invest_AIGEFS,22,135.5,25.75,953.5812
Invest_AIGEFS,23,162.0,47.5,985.0106
Invest_AIGEFS,23,164.5,48.75,981.6807
Invest_AIGEFS,23,167.75,49.0,984.3911
Invest_AIGEFS,23,169.25,50.25,988.6025
Invest_AIGEFS,23,170.0,51.0,994.1118
Invest_AIGEFS,23,117.5,14.5,992.016
Invest_AIGEFS,23,115.25,15.0,983.9052
Invest_AIGEFS,23,114.0,15.25,983.5158
Invest_AIGEFS,23,113.0,16.25,976.1948
Invest_AIGEFS,23,112.0,17.5,961.0139
Invest_AIGEFS,23,110.75,19.0,964.8077
Invest_AIGEFS,23,109.5,20.0,957.36
Invest_AIGEFS,23,150.25,16.75,964.07947
Invest_AIGEFS,23,148.0,17.75,957.78577
Invest_AIGEFS,23,145.5,18.75,960.69196
Invest_AIGEFS,23,143.0,19.5,953.98315
Invest_AIGEFS,23,140.75,20.5,955.73914
Invest_AIGEFS,23,139.0,21.25,950.8468
Invest_AIGEFS,23,136.75,21.75,954.56226
Invest_AIGEFS,23,134.5,23.0,957.4684
Invest_AIGEFS,23,132.75,23.75,953.0672
Invest_AIGEFS,24,161.25,47.5,983.75104
Invest_AIGEFS,24,164.75,49.0,980.2689
Invest_AIGEFS,24,166.5,49.25,982.6133
Invest_AIGEFS,24,169.25,50.5,985.81586
Invest_AIGEFS,24,172.75,52.0,992.1344
Invest_AIGEFS,24,119.25,14.0,995.1752
Invest_AIGEFS,24,116.75,15.5,995.95013
Invest_AIGEFS,24,114.5,16.25,990.9533
Invest_AIGEFS,24,112.75,17.0,981.52264
Invest_AIGEFS,24,111.75,17.75,962.5664
Invest_AIGEFS,24,110.25,18.75,976.91675
Invest_AIGEFS,24,109.0,20.25,970.19086
Invest_AIGEFS,24,108.25,21.0,974.822
Invest_AIGEFS,24,107.25,22.25,981.4029
Invest_AIGEFS,24,100.25,42.25,995.2795
Invest_AIGEFS,24,100.25,39.25,994.35834
Invest_AIGEFS,24,100.75,40.75,993.4471
Invest_AIGEFS,24,100.5,39.0,992.5679
Invest_AIGEFS,24,130.75,41.0,989.9363
Invest_AIGEFS,24,134.75,41.75,990.7456
Invest_AIGEFS,24,100.25,42.25,991.3642
Invest_AIGEFS,25,161.25,46.5,984.10187
Invest_AIGEFS,25,163.75,48.0,980.4956
Invest_AIGEFS,25,166.75,48.75,982.1015
Invest_AIGEFS,25,168.5,50.25,986.5377
Invest_AIGEFS,25,169.75,50.75,991.6447
Invest_AIGEFS,25,118.0,12.75,998.4601
Invest_AIGEFS,25,116.25,13.25,989.1155
Invest_AIGEFS,25,115.25,14.5,984.7618
Invest_AIGEFS,25,114.0,15.75,978.4866
Invest_AIGEFS,25,112.5,17.0,972.294
Invest_AIGEFS,25,111.0,18.5,969.1666
Invest_AIGEFS,25,109.75,19.5,961.3295
Invest_AIGEFS,25,108.5,20.75,965.4378
Invest_AIGEFS,25,107.5,21.75,965.77985
Invest_AIGEFS,25,144.0,14.0,969.10376
Invest_AIGEFS,25,141.25,14.5,969.8292
Invest_AIGEFS,25,138.75,14.75,965.02594
Invest_AIGEFS,25,135.75,15.5,966.17615
Invest_AIGEFS,25,133.25,16.25,962.69
Invest_AIGEFS,25,130.75,16.75,957.8861
Invest_AIGEFS,25,128.25,17.25,954.79596
Invest_AIGEFS,26,161.0,47.0,983.7477
Invest_AIGEFS,26,164.0,48.5,979.63367
Invest_AIGEFS,26,167.0,49.5,982.60986
Invest_AIGEFS,26,169.0,50.5,986.2727
Invest_AIGEFS,26,171.25,51.25,993.6609
Invest_AIGEFS,26,118.5,13.75,993.00446
Invest_AIGEFS,26,116.0,14.25,984.8064
Invest_AIGEFS,26,114.25,15.25,977.09674
Invest_AIGEFS,26,113.0,16.0,968.30835
Invest_AIGEFS,26,112.25,17.25,965.15607
Invest_AIGEFS,26,111.0,18.5,958.12024
Invest_AIGEFS,26,110.0,19.5,955.2517
Invest_AIGEFS,26,108.75,21.0,960.231
Invest_AIGEFS,26,108.5,22.0,964.12286
Invest_AIGEFS,26,145.0,14.0,970.2461
Invest_AIGEFS,26,142.25,14.75,967.2028
Invest_AIGEFS,26,139.5,15.0,964.2316
Invest_AIGEFS,26,136.5,15.75,964.47516
Invest_AIGEFS,26,133.5,16.0,957.692
Invest_AIGEFS,26,130.5,16.75,958.8225
Invest_AIGEFS,26,128.25,17.5,953.3702
Invest_AIGEFS,27,162.0,47.5,983.1195
Invest_AIGEFS,27,164.5,48.0,979.66376
Invest_AIGEFS,27,168.75,48.75,982.3526
Invest_AIGEFS,27,171.5,50.75,988.1049
Invest_AIGEFS,27,171.75,51.0,993.75024
Invest_AIGEFS,27,119.75,15.0,989.97925
Invest_AIGEFS,27,116.75,16.25,988.83673
Invest_AIGEFS,27,115.0,16.75,986.1633
Invest_AIGEFS,27,113.75,17.25,974.2648
Invest_AIGEFS,27,112.75,19.0,967.5273
Invest_AIGEFS,27,111.25,20.5,966.43787
Invest_AIGEFS,27,110.25,21.75,967.52734
Invest_AIGEFS,27,110.25,23.25,988.0065
Invest_AIGEFS,27,103.0,38.5,990.2558
Invest_AIGEFS,27,103.0,38.5,992.0873
Invest_AIGEFS,27,103.25,36.25,994.6918
Invest_AIGEFS,27,145.5,17.0,994.4359
Invest_AIGEFS,27,143.0,17.75,990.5321
Invest_AIGEFS,27,140.0,17.75,978.6172
Invest_AIGEFS,27,137.0,18.5,972.5117
Invest_AIGEFS,27,134.0,19.25,966.01764
Invest_AIGEFS,28,161.25,47.75,984.0315
Invest_AIGEFS,28,163.5,47.75,982.24365
Invest_AIGEFS,28,168.0,48.75,984.46326
Invest_AIGEFS,28,169.5,50.0,988.5837
Invest_AIGEFS,28,171.5,50.5,993.9289
Invest_AIGEFS,28,119.5,13.25,992.012
Invest_AIGEFS,28,117.25,14.25,985.05164
Invest_AIGEFS,28,115.5,15.75,978.2414
Invest_AIGEFS,28,113.25,17.25,973.9358
Invest_AIGEFS,28,111.75,18.75,971.2595
Invest_AIGEFS,28,110.0,19.75,971.1356
Invest_AIGEFS,28,108.75,21.25,973.10425
Invest_AIGEFS,28,149.5,11.75,974.0285
Invest_AIGEFS,28,147.0,13.0,974.41693
Invest_AIGEFS,28,144.0,14.25,973.3283
Invest_AIGEFS,28,140.25,14.75,971.72015
Invest_AIGEFS,28,136.0,15.75,971.0561
Invest_AIGEFS,28,133.0,16.25,966.9319
Invest_AIGEFS,28,129.75,16.75,965.4122
Invest_AIGEFS,28,127.5,17.0,958.6406
Invest_AIGEFS,28,125.0,18.25,960.43835
Invest_AIGEFS,29,161.75,48.0,983.258
Invest_AIGEFS,29,163.5,49.25,980.47015
Invest_AIGEFS,29,165.75,49.25,982.28094
Invest_AIGEFS,29,167.75,50.0,986.4373
Invest_AIGEFS,29,170.75,50.75,992.2875
Invest_AIGEFS,29,176.0,53.75,997.6133
Invest_AIGEFS,29,121.5,60.0,998.6929
Invest_AIGEFS,29,114.0,16.0,997.0678
Invest_AIGEFS,29,113.0,17.75,993.6989
Invest_AIGEFS,29,112.0,19.0,988.3883
Invest_AIGEFS,29,110.0,20.5,988.71985
Invest_AIGEFS,29,155.0,13.25,983.32587
Invest_AIGEFS,29,152.75,14.75,978.0364
Invest_AIGEFS,29,150.0,16.5,976.3539
Invest_AIGEFS,29,147.5,17.25,974.16943
Invest_AIGEFS,29,145.0,18.5,973.53485
Invest_AIGEFS,29,142.75,18.5,968.72845
Invest_AIGEFS,29,140.0,19.25,966.0735
Invest_AIGEFS,29,137.0,19.5,963.9748
Invest_AIGEFS,29,133.75,20.0,966.5742
Invest_AIGEFS,29,131.0,20.25,965.49976
Invest_AIGEFS,30,162.0,47.5,984.35126
Invest_AIGEFS,30,163.5,47.75,981.72314
Invest_AIGEFS,30,167.25,48.75,983.798
Invest_AIGEFS,30,168.25,50.5,987.83185
Invest_AIGEFS,30,169.5,50.5,992.9833
Invest_AIGEFS,30,118.0,15.75,997.25336
Invest_AIGEFS,30,115.5,16.5,993.8437
Invest_AIGEFS,30,115.0,16.75,988.7227
Invest_AIGEFS,30,114.0,18.0,981.82513
Invest_AIGEFS,30,113.5,19.5,974.92163
Invest_AIGEFS,30,112.25,21.0,964.9842
Invest_AIGEFS,30,112.25,22.75,971.9359
Invest_AIGEFS,30,150.0,12.25,975.71704
Invest_AIGEFS,30,147.5,12.75,976.38763
Invest_AIGEFS,30,144.25,13.5,975.7793
Invest_AIGEFS,30,140.25,14.25,976.2647
Invest_AIGEFS,30,135.75,14.75,975.07666
Invest_AIGEFS,30,131.5,14.75,973.6408
Invest_AIGEFS,30,128.25,15.0,968.9645
Invest_AIGEFS,30,125.5,15.75,964.70844
Invest_AIGEFS,30,122.75,16.25,966.49866
