track,sample,lat,lon,pressureReducedToMeanSeaLevel,pressure
70W,1,6.9,162.70000000000002,100500.0,1005.0
70W,1,8.4,162.9,100300.0,1003.0
70W,1,7.4,163.3,100400.0,1004.0
70W,1,7.7,164.3,100200.0,1002.0
70W,1,7.9,163.70000000000002,100200.0,1002.0
70W,1,8.700000000000001,163.8,99500.0,995.0
70W,1,8.4,163.1,99600.0,996.0
70W,1,8.3,162.70000000000002,99100.0,991.0
70W,1,8.1,162.4,98900.0,989.0
70W,1,8.3,162.3,98000.0,980.0
70W,1,8.6,162.3,98000.0,980.0
70W,1,8.8,162.3,97700.0,977.0
70W,1,9.5,162.4,98200.0,982.0
70W,1,10.8,162.20000000000002,97600.0,976.0
70W,1,11.6,161.4,96700.0,967.0
70W,1,12.5,160.8,95800.0,958.0
70W,1,13.3,159.6,96400.0,964.0
70W,1,14.0,158.20000000000002,96000.0,960.0
70W,1,14.5,156.6,95200.0,952.0
70W,1,14.700000000000001,154.70000000000002,96600.0,966.0
70W,1,13.9,153.1,97500.0,975.0
70W,1,13.4,153.0,96800.0,968.0
70W,1,14.0,152.6,97900.0,979.0
70W,1,14.0,151.70000000000002,97000.0,970.0
70W,2,9.200000000000001,174.0,100500.0,1005.0
70W,2,9.700000000000001,173.6,100600.0,1006.0
70W,2,10.1,173.1,100500.0,1005.0
70W,2,10.8,172.20000000000002,100600.0,1006.0
70W,2,11.3,170.5,100500.0,1005.0
70W,2,11.6,169.70000000000002,100400.0,1004.0
70W,2,12.1,168.6,100300.0,1003.0
70W,2,12.9,167.20000000000002,100400.0,1004.0
70W,2,13.5,165.4,100300.0,1003.0
70W,2,13.6,163.4,100500.0,1005.0
70W,2,11.8,162.9,100400.0,1004.0
70W,2,12.6,160.5,100500.0,1005.0
70W,2,12.4,160.4,100200.0,1002.0
70W,2,12.8,159.9,100500.0,1005.0
70W,2,13.5,158.9,100300.0,1003.0
70W,2,13.9,157.4,100400.0,1004.0
70W,2,14.0,156.5,100100.0,1001.0
70W,2,14.0,156.1,99800.0,998.0
70W,2,14.700000000000001,155.5,99200.0,992.0
70W,2,15.0,154.4,98900.0,989.0
70W,2,15.4,153.3,98200.0,982.0
70W,2,15.5,152.5,98000.0,980.0
70W,2,16.2,151.5,97300.0,973.0
70W,3,12.8,129.0,100700.0,1007.0
70W,3,11.700000000000001,128.1,100500.0,1005.0
70W,3,12.5,126.7,100600.0,1006.0
70W,3,12.1,124.8,100400.0,1004.0
70W,3,12.700000000000001,124.5,100400.0,1004.0
70W,3,13.3,123.3,100300.0,1003.0
70W,3,13.200000000000001,122.8,100400.0,1004.0
70W,3,13.200000000000001,121.7,100300.0,1003.0
70W,3,13.3,121.7,100300.0,1003.0
70W,3,13.9,120.60000000000001,100300.0,1003.0
70W,3,14.200000000000001,120.0,100400.0,1004.0
70W,3,15.0,119.8,100300.0,1003.0
70W,3,16.1,118.4,100300.0,1003.0
70W,3,17.1,118.10000000000001,100100.0,1001.0
70W,3,18.1,117.0,100200.0,1002.0
70W,3,19.3,116.2,100200.0,1002.0
70W,3,20.0,115.2,100200.0,1002.0
70W,3,20.6,114.10000000000001,100000.0,1000.0
70W,3,20.900000000000002,113.4,100000.0,1000.0
70W,3,20.8,112.5,100000.0,1000.0
70W,3,21.1,111.9,100000.0,1000.0
70W,3,21.6,111.8,100000.0,1000.0
70W,3,22.0,111.5,100200.0,1002.0
70W,3,22.6,111.5,100300.0,1003.0
70W,4,12.4,127.60000000000001,100700.0,1007.0
70W,4,11.0,127.0,100300.0,1003.0
70W,4,12.0,126.5,100400.0,1004.0
70W,4,13.1,124.9,100200.0,1002.0
70W,4,12.5,123.5,100300.0,1003.0
70W,4,12.8,122.10000000000001,100200.0,1002.0
70W,4,13.5,122.10000000000001,100200.0,1002.0
70W,4,13.9,120.60000000000001,100200.0,1002.0
70W,4,14.200000000000001,119.8,100100.0,1001.0
70W,4,15.1,118.8,100000.0,1000.0
70W,4,15.3,118.3,99900.0,999.0
70W,4,15.9,117.5,99700.0,997.0
70W,4,16.7,116.9,99600.0,996.0
70W,4,17.6,115.9,99500.0,995.0
70W,4,18.2,115.0,99400.0,994.0
70W,4,19.0,114.10000000000001,99200.0,992.0
70W,4,19.7,113.5,99100.0,991.0
70W,4,20.6,112.9,99000.0,990.0
70W,4,21.400000000000002,112.3,99200.0,992.0
70W,4,22.1,111.7,99400.0,994.0
70W,4,23.1,111.3,99800.0,998.0
70W,4,23.7,111.0,99800.0,998.0
70W,4,25.2,110.3,100000.0,1000.0
70W,4,27.900000000000002,110.60000000000001,100000.0,1000.0
70W,5,8.6,173.0,100500.0,1005.0
70W,5,8.6,173.1,100300.0,1003.0
70W,5,8.8,172.9,100400.0,1004.0
70W,5,9.1,173.0,100000.0,1000.0
70W,5,9.8,172.5,99400.0,994.0
70W,5,10.5,171.4,98600.0,986.0
70W,5,10.700000000000001,170.20000000000002,98400.0,984.0
70W,5,10.9,169.6,97500.0,975.0
70W,5,11.4,168.6,97500.0,975.0
70W,5,11.6,167.6,97200.0,972.0
70W,5,11.700000000000001,166.6,97900.0,979.0
70W,5,11.4,165.5,98200.0,982.0
70W,5,11.4,164.70000000000002,97600.0,976.0
70W,5,11.0,164.1,97800.0,978.0
70W,5,10.700000000000001,163.70000000000002,98000.0,980.0
70W,5,11.0,163.4,97100.0,971.0
70W,5,11.1,162.9,96900.0,969.0
70W,5,11.200000000000001,162.5,95800.0,958.0
70W,5,11.5,162.20000000000002,95500.0,955.0
70W,5,11.700000000000001,161.70000000000002,94900.0,949.0
70W,5,11.8,161.20000000000002,94400.0,944.0
70W,5,12.1,161.0,94200.0,942.0
70W,5,12.6,160.70000000000002,94500.0,945.0
70W,5,13.1,160.3,94300.0,943.0
70W,6,8.4,165.0,100400.0,1004.0
70W,6,8.9,164.5,100100.0,1001.0
70W,6,9.0,163.8,100300.0,1003.0
70W,6,8.8,163.4,99700.0,997.0
70W,6,8.4,163.6,99700.0,997.0
70W,6,8.3,163.9,99600.0,996.0
70W,6,8.4,164.1,99200.0,992.0
70W,6,8.6,164.20000000000002,99000.0,990.0
70W,6,8.8,164.1,99000.0,990.0
70W,6,8.8,164.1,98700.0,987.0
70W,6,8.700000000000001,164.20000000000002,98900.0,989.0
70W,6,9.5,164.5,99000.0,990.0
70W,6,10.5,164.0,99200.0,992.0
70W,6,11.9,163.4,99200.0,992.0
70W,6,12.9,161.9,99200.0,992.0
70W,6,13.6,159.70000000000002,98300.0,983.0
70W,6,12.200000000000001,158.4,98300.0,983.0
70W,6,12.4,158.20000000000002,97600.0,976.0
70W,6,12.4,157.5,95800.0,958.0
70W,6,12.6,157.20000000000002,94900.0,949.0
70W,6,13.0,156.9,94800.0,948.0
70W,6,13.200000000000001,156.0,94800.0,948.0
70W,6,13.3,155.6,94700.0,947.0
70W,6,13.8,154.9,94500.0,945.0
70W,7,12.9,126.9,100300.0,1003.0
70W,7,12.8,125.3,100200.0,1002.0
70W,7,12.5,124.5,100300.0,1003.0
70W,7,12.8,123.8,100200.0,1002.0
70W,7,13.1,122.9,100400.0,1004.0
70W,7,12.9,121.8,100200.0,1002.0
70W,7,13.1,121.4,100200.0,1002.0
70W,7,13.1,120.0,99900.0,999.0
70W,7,13.6,119.5,99800.0,998.0
70W,7,14.0,118.5,99600.0,996.0
70W,7,14.700000000000001,117.7,99600.0,996.0
70W,7,15.200000000000001,116.60000000000001,99700.0,997.0
70W,7,15.700000000000001,115.8,99800.0,998.0
70W,7,16.2,115.10000000000001,99800.0,998.0
70W,7,16.8,114.10000000000001,99900.0,999.0
70W,7,17.5,112.9,99900.0,999.0
70W,7,18.1,111.9,99900.0,999.0
70W,7,18.400000000000002,111.3,99700.0,997.0
70W,7,19.1,110.4,99900.0,999.0
70W,7,19.5,108.7,99900.0,999.0
70W,7,19.8,108.0,99700.0,997.0
70W,7,20.0,107.10000000000001,99600.0,996.0
70W,7,19.7,106.3,99400.0,994.0
70W,7,19.900000000000002,105.4,99600.0,996.0
70W,8,8.3,164.6,100700.0,1007.0
70W,8,7.9,163.4,100500.0,1005.0
70W,8,8.0,164.0,100700.0,1007.0
70W,8,8.1,164.6,100500.0,1005.0
70W,8,8.8,164.3,100600.0,1006.0
70W,8,8.9,164.3,100400.0,1004.0
70W,8,8.4,164.1,100600.0,1006.0
70W,8,8.1,163.4,100400.0,1004.0
70W,8,8.9,163.70000000000002,100600.0,1006.0
70W,8,8.4,162.70000000000002,100400.0,1004.0
70W,8,8.6,163.4,100600.0,1006.0
70W,8,8.5,162.4,100500.0,1005.0
70W,8,9.5,162.5,100500.0,1005.0
70W,8,10.4,163.1,100800.0,1008.0
70W,8,12.700000000000001,162.6,100600.0,1006.0
70W,8,13.3,159.0,100800.0,1008.0
70W,8,12.8,157.3,100500.0,1005.0
70W,9,12.6,129.1,100700.0,1007.0
70W,9,12.1,126.8,100700.0,1007.0
70W,9,12.8,126.2,100600.0,1006.0
70W,9,12.6,124.3,100600.0,1006.0
70W,9,13.6,123.10000000000001,100400.0,1004.0
70W,9,13.200000000000001,122.2,100500.0,1005.0
70W,9,13.6,121.5,100300.0,1003.0
70W,9,13.200000000000001,120.3,99900.0,999.0
70W,9,13.6,119.8,99900.0,999.0
70W,9,13.700000000000001,119.2,99700.0,997.0
70W,9,14.0,118.60000000000001,99500.0,995.0
70W,9,14.5,118.0,99200.0,992.0
70W,9,15.3,117.4,98700.0,987.0
70W,9,16.1,116.7,98600.0,986.0
70W,9,16.9,115.8,98200.0,982.0
70W,9,17.8,115.0,97600.0,976.0
70W,9,18.8,114.2,97600.0,976.0
70W,9,19.5,113.3,97600.0,976.0
70W,9,20.3,112.5,97800.0,978.0
70W,9,21.0,111.9,98000.0,980.0
70W,9,21.7,111.3,98400.0,984.0
70W,9,22.7,111.0,99000.0,990.0
70W,9,23.7,110.9,99400.0,994.0
70W,10,9.5,164.1,100600.0,1006.0
70W,10,8.1,163.4,100300.0,1003.0
70W,10,7.0,164.6,99700.0,997.0
70W,10,7.5,165.4,99400.0,994.0
70W,10,8.700000000000001,166.0,99100.0,991.0
70W,10,8.8,165.4,98700.0,987.0
70W,10,9.200000000000001,165.6,98100.0,981.0
70W,10,10.0,165.9,97900.0,979.0
70W,10,11.5,166.1,97900.0,979.0
70W,10,12.9,164.8,97100.0,971.0
70W,10,13.4,164.3,97000.0,970.0
70W,10,14.200000000000001,163.5,97300.0,973.0
70W,10,15.200000000000001,162.6,96600.0,966.0
70W,10,16.2,161.70000000000002,96700.0,967.0
70W,10,16.8,160.8,95700.0,957.0
70W,10,17.1,160.1,94900.0,949.0
70W,10,17.6,159.5,93600.0,936.0
70W,10,18.0,158.70000000000002,93100.0,931.0
70W,10,18.5,157.9,92900.0,929.0
70W,10,18.5,157.1,92700.0,927.0
70W,10,18.7,156.5,92800.0,928.0
70W,10,18.8,155.8,93300.0,933.0
70W,10,18.900000000000002,155.1,93200.0,932.0
70W,11,8.0,173.6,100800.0,1008.0
70W,11,9.6,173.1,100700.0,1007.0
70W,11,10.200000000000001,172.3,100800.0,1008.0
70W,11,10.200000000000001,170.70000000000002,100700.0,1007.0
70W,11,11.200000000000001,170.6,100800.0,1008.0
70W,11,11.200000000000001,169.20000000000002,100600.0,1006.0
70W,11,11.9,167.9,100800.0,1008.0
70W,11,13.1,166.70000000000002,100700.0,1007.0
70W,11,11.4,163.0,100700.0,1007.0
70W,11,12.8,160.3,100600.0,1006.0
70W,11,12.4,159.20000000000002,100800.0,1008.0
70W,11,12.1,158.5,100600.0,1006.0
70W,11,13.1,154.70000000000002,100600.0,1006.0
70W,11,12.9,152.3,100800.0,1008.0
70W,11,12.700000000000001,152.20000000000002,100700.0,1007.0
70W,11,12.700000000000001,150.5,100600.0,1006.0
70W,12,11.3,129.4,100700.0,1007.0
70W,12,12.3,126.8,100600.0,1006.0
70W,12,12.9,125.7,100500.0,1005.0
70W,12,12.9,124.10000000000001,100200.0,1002.0
70W,12,12.8,123.3,100300.0,1003.0
70W,12,13.3,122.8,99600.0,996.0
70W,12,13.700000000000001,122.10000000000001,99700.0,997.0
70W,12,14.0,121.0,99600.0,996.0
70W,12,14.200000000000001,119.8,99000.0,990.0
70W,12,14.3,118.7,98600.0,986.0
70W,12,14.5,117.7,98100.0,981.0
70W,12,14.700000000000001,117.0,97400.0,974.0
70W,12,15.200000000000001,116.7,97800.0,978.0
70W,12,16.0,115.9,97600.0,976.0
70W,12,16.5,114.9,97200.0,972.0
70W,12,17.3,114.60000000000001,97100.0,971.0
70W,12,18.8,113.60000000000001,97300.0,973.0
70W,12,19.5,112.3,96500.0,965.0
70W,12,20.400000000000002,111.3,97000.0,970.0
70W,12,21.0,110.10000000000001,97400.0,974.0
70W,12,21.3,109.0,97500.0,975.0
70W,12,21.7,108.5,97500.0,975.0
70W,12,21.8,108.2,97900.0,979.0
70W,12,22.6,107.7,98100.0,981.0
70W,13,7.9,173.3,100800.0,1008.0
70W,13,7.9,171.4,100700.0,1007.0
70W,13,9.1,172.3,100800.0,1008.0
70W,13,9.1,171.0,100600.0,1006.0
70W,13,9.5,170.20000000000002,100700.0,1007.0
70W,13,9.700000000000001,169.20000000000002,100500.0,1005.0
70W,13,9.9,168.4,100700.0,1007.0
70W,13,11.1,166.5,100600.0,1006.0
70W,13,11.200000000000001,165.6,100700.0,1007.0
70W,13,11.6,164.3,100500.0,1005.0
70W,13,11.700000000000001,161.20000000000002,100600.0,1006.0
70W,13,13.5,160.8,100900.0,1009.0
70W,14,8.2,171.20000000000002,100700.0,1007.0
70W,14,8.3,171.20000000000002,100700.0,1007.0
70W,14,8.4,170.5,100600.0,1006.0
70W,14,10.1,170.4,100300.0,1003.0
70W,14,10.5,169.4,100400.0,1004.0
70W,14,11.1,167.9,100200.0,1002.0
70W,14,11.200000000000001,166.5,100300.0,1003.0
70W,14,11.5,165.3,100100.0,1001.0
70W,14,11.8,164.1,100300.0,1003.0
70W,14,10.5,160.1,99700.0,997.0
70W,14,9.6,160.1,99800.0,998.0
70W,14,10.1,160.4,99500.0,995.0
70W,14,10.700000000000001,159.5,99500.0,995.0
70W,14,10.5,159.1,99100.0,991.0
70W,14,10.5,158.20000000000002,99100.0,991.0
70W,14,10.4,158.3,98500.0,985.0
70W,14,10.5,157.9,98300.0,983.0
70W,14,10.700000000000001,157.5,97800.0,978.0
70W,14,10.6,157.20000000000002,97200.0,972.0
70W,14,10.8,156.70000000000002,96600.0,966.0
70W,15,30.1,130.1,100900.0,1009.0
70W,16,11.4,128.8,100700.0,1007.0
70W,16,11.4,127.10000000000001,100500.0,1005.0
70W,16,11.9,126.4,100600.0,1006.0
70W,16,12.200000000000001,125.8,100400.0,1004.0
70W,16,13.1,124.5,100300.0,1003.0
70W,16,13.1,122.60000000000001,100200.0,1002.0
70W,16,13.1,121.5,99900.0,999.0
70W,16,13.0,120.0,99100.0,991.0
70W,16,13.1,119.2,99100.0,991.0
70W,16,13.1,118.4,99000.0,990.0
70W,16,13.3,117.7,98800.0,988.0
70W,16,13.700000000000001,117.2,98500.0,985.0
70W,16,14.3,116.5,98000.0,980.0
70W,16,15.0,115.8,97200.0,972.0
70W,16,15.8,114.8,96100.0,961.0
70W,16,16.4,114.0,95700.0,957.0
70W,16,17.400000000000002,113.2,95300.0,953.0
70W,16,18.3,112.10000000000001,94600.0,946.0
70W,16,18.8,111.3,93900.0,939.0
70W,16,19.2,110.60000000000001,94000.0,940.0
70W,16,19.8,110.10000000000001,94700.0,947.0
70W,16,20.5,109.60000000000001,94700.0,947.0
70W,16,21.1,109.5,94600.0,946.0
70W,16,21.900000000000002,109.2,95400.0,954.0
70W,17,12.700000000000001,127.0,100800.0,1008.0
70W,17,12.6,126.60000000000001,100600.0,1006.0
70W,17,12.700000000000001,123.0,100700.0,1007.0
70W,17,12.8,122.9,100500.0,1005.0
70W,17,13.6,120.10000000000001,100600.0,1006.0
70W,17,13.700000000000001,119.60000000000001,100600.0,1006.0
70W,17,14.200000000000001,119.0,100500.0,1005.0
70W,17,14.6,118.3,100600.0,1006.0
70W,17,15.200000000000001,117.2,100600.0,1006.0
70W,17,15.700000000000001,117.0,100700.0,1007.0
70W,17,16.5,116.3,100600.0,1006.0
70W,17,17.3,116.0,100600.0,1006.0
70W,17,19.400000000000002,113.0,100600.0,1006.0
70W,17,20.3,112.9,100500.0,1005.0
70W,18,8.1,164.8,100600.0,1006.0
70W,18,8.6,165.1,100500.0,1005.0
70W,18,8.6,164.6,100600.0,1006.0
70W,18,8.700000000000001,164.3,100300.0,1003.0
70W,18,8.6,164.1,100500.0,1005.0
70W,18,8.4,164.1,100300.0,1003.0
70W,18,8.4,163.9,100500.0,1005.0
70W,18,8.4,163.3,100200.0,1002.0
70W,18,8.2,163.6,100300.0,1003.0
70W,18,8.6,163.3,99900.0,999.0
70W,18,9.1,163.1,100200.0,1002.0
70W,18,9.8,162.70000000000002,99900.0,999.0
70W,18,10.700000000000001,162.4,100000.0,1000.0
70W,18,12.1,161.70000000000002,99800.0,998.0
70W,18,11.700000000000001,159.6,100000.0,1000.0
70W,18,13.3,159.6,99600.0,996.0
70W,18,13.700000000000001,157.9,99800.0,998.0
70W,18,14.5,157.0,99600.0,996.0
70W,18,14.4,155.8,99800.0,998.0
70W,18,14.5,154.8,99500.0,995.0
70W,18,14.700000000000001,154.4,99600.0,996.0
70W,18,14.700000000000001,153.20000000000002,99300.0,993.0
70W,18,14.700000000000001,152.70000000000002,99300.0,993.0
70W,18,14.9,152.0,98800.0,988.0
70W,19,11.5,128.3,100700.0,1007.0
70W,19,13.1,126.4,100700.0,1007.0
70W,19,13.5,124.9,100500.0,1005.0
70W,19,13.9,122.5,100600.0,1006.0
70W,19,13.5,121.0,100500.0,1005.0
70W,19,13.5,120.5,100300.0,1003.0
70W,19,13.6,119.7,100200.0,1002.0
70W,19,14.0,118.9,100200.0,1002.0
70W,19,14.5,117.9,100000.0,1000.0
70W,19,15.0,116.9,99900.0,999.0
70W,19,15.700000000000001,115.7,99700.0,997.0
70W,19,16.1,114.60000000000001,99000.0,990.0
70W,19,16.5,113.9,99000.0,990.0
70W,19,16.9,113.2,98800.0,988.0
70W,19,17.1,112.5,98200.0,982.0
70W,19,17.8,112.2,98300.0,983.0
70W,19,18.400000000000002,111.7,97900.0,979.0
70W,19,19.1,111.2,97200.0,972.0
70W,19,20.0,110.7,96500.0,965.0
70W,19,21.3,110.3,97400.0,974.0
70W,19,22.1,109.60000000000001,97900.0,979.0
70W,19,23.1,109.0,98700.0,987.0
70W,19,23.8,108.5,98900.0,989.0
70W,20,8.3,164.3,100400.0,1004.0
70W,20,8.8,164.1,100400.0,1004.0
70W,20,9.1,163.70000000000002,100500.0,1005.0
70W,20,9.5,163.5,100200.0,1002.0
70W,20,9.3,162.70000000000002,100200.0,1002.0
70W,20,9.5,162.1,100000.0,1000.0
70W,20,9.5,161.3,100100.0,1001.0
70W,20,9.6,160.9,99800.0,998.0
70W,20,9.6,160.5,99900.0,999.0
70W,20,10.0,159.9,99600.0,996.0
70W,20,10.3,159.3,99800.0,998.0
70W,20,10.6,158.4,99300.0,993.0
70W,20,10.9,157.4,99200.0,992.0
70W,20,11.1,156.5,98700.0,987.0
70W,20,11.200000000000001,155.6,98200.0,982.0
70W,20,11.4,154.6,97100.0,971.0
70W,20,11.4,153.9,96800.0,968.0
70W,20,11.700000000000001,153.20000000000002,96400.0,964.0
70W,20,12.0,152.5,95800.0,958.0
70W,20,12.1,151.8,95100.0,951.0
70W,20,12.1,150.9,95000.0,950.0
70W,20,12.200000000000001,150.3,95300.0,953.0
70W,20,12.1,149.8,96100.0,961.0
70W,20,12.3,149.4,96000.0,960.0
70W,21,12.1,127.0,100500.0,1005.0
70W,21,12.4,126.10000000000001,100300.0,1003.0
70W,21,12.6,125.2,100400.0,1004.0
70W,21,13.8,123.9,100200.0,1002.0
70W,21,13.700000000000001,122.60000000000001,100300.0,1003.0
70W,21,13.6,121.9,100200.0,1002.0
70W,21,14.200000000000001,121.3,100300.0,1003.0
70W,21,14.1,120.2,100100.0,1001.0
70W,21,14.700000000000001,119.0,100100.0,1001.0
70W,21,15.200000000000001,118.2,99900.0,999.0
70W,21,15.9,117.4,100000.0,1000.0
70W,21,16.4,116.60000000000001,99900.0,999.0
70W,21,16.9,115.8,100000.0,1000.0
70W,21,17.6,115.2,100000.0,1000.0
70W,21,18.2,114.5,100100.0,1001.0
70W,21,19.2,113.7,100200.0,1002.0
70W,21,20.1,112.7,100400.0,1004.0
70W,21,22.8,111.7,100400.0,1004.0
70W,21,24.400000000000002,110.3,100500.0,1005.0
70W,22,6.3,173.6,100600.0,1006.0
70W,22,8.8,174.3,100700.0,1007.0
70W,22,10.5,173.6,100500.0,1005.0
70W,22,10.3,172.4,100600.0,1006.0
70W,22,10.4,172.9,100500.0,1005.0
70W,22,10.200000000000001,172.6,100400.0,1004.0
70W,22,10.6,171.9,100100.0,1001.0
70W,22,10.700000000000001,170.5,100100.0,1001.0
70W,22,11.1,169.6,100000.0,1000.0
70W,22,11.6,168.6,100300.0,1003.0
70W,22,12.200000000000001,167.70000000000002,100300.0,1003.0
70W,22,12.700000000000001,166.5,100300.0,1003.0
70W,22,12.6,165.5,100200.0,1002.0
70W,22,12.6,164.3,100500.0,1005.0
70W,22,12.8,163.20000000000002,100300.0,1003.0
70W,22,12.4,162.70000000000002,100500.0,1005.0
70W,22,12.8,162.1,100300.0,1003.0
70W,22,12.3,161.0,100600.0,1006.0
70W,22,12.3,161.20000000000002,100400.0,1004.0
70W,22,12.3,160.5,100600.0,1006.0
70W,22,12.4,160.4,100400.0,1004.0
70W,22,13.0,160.0,100600.0,1006.0
70W,22,13.4,158.5,100400.0,1004.0
70W,23,8.8,173.8,100600.0,1006.0
70W,23,9.9,173.3,100400.0,1004.0
70W,23,10.5,172.5,100500.0,1005.0
70W,23,9.5,172.0,100400.0,1004.0
70W,23,11.200000000000001,170.6,100400.0,1004.0
70W,23,11.700000000000001,169.6,100300.0,1003.0
70W,23,11.9,169.6,100400.0,1004.0
70W,23,11.5,167.70000000000002,100100.0,1001.0
70W,23,11.4,167.0,100300.0,1003.0
70W,23,11.0,167.20000000000002,100000.0,1000.0
70W,23,11.3,167.6,100200.0,1002.0
70W,23,12.6,167.0,100000.0,1000.0
70W,23,13.9,166.20000000000002,100000.0,1000.0
70W,23,13.8,164.70000000000002,99700.0,997.0
70W,23,13.3,164.6,99900.0,999.0
70W,23,13.6,165.0,99600.0,996.0
70W,23,14.6,164.0,99600.0,996.0
70W,23,14.3,163.4,99300.0,993.0
70W,23,14.9,163.4,99400.0,994.0
70W,23,15.200000000000001,162.9,99000.0,990.0
70W,23,15.6,162.4,99000.0,990.0
70W,23,15.9,161.9,98700.0,987.0
70W,23,16.4,161.1,98700.0,987.0
70W,23,16.9,160.20000000000002,98300.0,983.0
70W,24,8.0,163.70000000000002,100700.0,1007.0
70W,24,8.2,164.1,100600.0,1006.0
70W,24,8.700000000000001,163.6,100500.0,1005.0
70W,24,8.4,163.70000000000002,100600.0,1006.0
70W,24,7.7,162.20000000000002,100400.0,1004.0
70W,24,7.6000000000000005,162.3,100600.0,1006.0
70W,24,7.3,161.3,100400.0,1004.0
70W,24,7.6000000000000005,161.1,100500.0,1005.0
70W,24,7.2,161.70000000000002,100300.0,1003.0
70W,24,7.9,160.20000000000002,100500.0,1005.0
70W,24,6.9,161.4,100300.0,1003.0
70W,24,8.8,158.5,100400.0,1004.0
70W,24,9.6,157.5,100600.0,1006.0
70W,24,10.1,156.3,100300.0,1003.0
70W,24,11.0,155.4,100400.0,1004.0
70W,24,11.1,154.20000000000002,100000.0,1000.0
70W,24,11.200000000000001,153.20000000000002,100000.0,1000.0
70W,24,11.0,153.0,99200.0,992.0
70W,24,11.200000000000001,152.9,98300.0,983.0
70W,24,11.5,152.6,96400.0,964.0
70W,24,11.700000000000001,152.0,96000.0,960.0
70W,24,11.9,151.5,94100.0,941.0
70W,25,7.4,162.5,100400.0,1004.0
70W,25,6.7,163.4,100300.0,1003.0
70W,25,6.9,164.9,100600.0,1006.0
70W,25,7.6000000000000005,165.5,100400.0,1004.0
70W,25,7.7,165.20000000000002,100600.0,1006.0
70W,25,7.7,164.9,100400.0,1004.0
70W,25,7.5,164.9,100600.0,1006.0
70W,25,7.4,164.3,100400.0,1004.0
70W,25,7.0,164.6,100500.0,1005.0
70W,25,6.9,164.6,100200.0,1002.0
70W,25,6.4,164.8,100600.0,1006.0
70W,25,5.9,165.3,100400.0,1004.0
70W,26,7.4,163.1,100400.0,1004.0
70W,26,7.4,163.9,100100.0,1001.0
70W,26,7.9,164.20000000000002,100300.0,1003.0
70W,26,8.1,163.9,99900.0,999.0
70W,26,7.9,164.3,99900.0,999.0
70W,26,8.1,164.6,99400.0,994.0
70W,26,8.4,164.9,98800.0,988.0
70W,26,9.1,165.4,98200.0,982.0
70W,26,10.200000000000001,165.4,97900.0,979.0
70W,26,11.3,164.8,97800.0,978.0
70W,26,11.9,163.9,98100.0,981.0
70W,26,12.700000000000001,163.1,97600.0,976.0
70W,26,13.3,162.20000000000002,97400.0,974.0
70W,26,13.700000000000001,161.3,96900.0,969.0
70W,26,14.3,160.4,97000.0,970.0
70W,26,14.700000000000001,159.8,96400.0,964.0
70W,26,15.1,158.8,95700.0,957.0
70W,26,15.200000000000001,157.8,93800.0,938.0
70W,26,15.1,157.1,93700.0,937.0
70W,26,15.200000000000001,156.3,93100.0,931.0
70W,26,15.4,155.5,93400.0,934.0
70W,26,15.6,154.4,93400.0,934.0
70W,26,15.5,153.4,93400.0,934.0
70W,26,15.5,152.20000000000002,93600.0,936.0
70W,27,23.7,106.9,100200.0,1002.0
70W,27,23.7,106.60000000000001,100400.0,1004.0
70W,27,22.0,107.7,100400.0,1004.0
70W,27,23.900000000000002,106.10000000000001,100300.0,1003.0
70W,27,23.7,106.7,100500.0,1005.0
70W,28,7.8,164.6,100400.0,1004.0
70W,28,8.4,165.4,100300.0,1003.0
70W,28,7.9,164.20000000000002,100400.0,1004.0
70W,28,8.6,163.4,100200.0,1002.0
70W,28,7.9,164.3,100300.0,1003.0
70W,28,8.1,165.0,99900.0,999.0
70W,28,9.6,164.9,99500.0,995.0
70W,28,10.1,164.6,99100.0,991.0
70W,28,9.0,164.4,99200.0,992.0
70W,28,8.700000000000001,164.20000000000002,98300.0,983.0
70W,28,9.0,164.1,98200.0,982.0
70W,28,9.3,164.1,97600.0,976.0
70W,28,9.8,163.70000000000002,97400.0,974.0
70W,28,10.1,163.8,97000.0,970.0
70W,28,10.5,163.5,96800.0,968.0
70W,28,10.9,163.1,96000.0,960.0
70W,28,11.200000000000001,162.6,95900.0,959.0
70W,28,11.6,162.0,95600.0,956.0
70W,28,11.700000000000001,161.3,95500.0,955.0
70W,28,11.9,160.5,95300.0,953.0
70W,28,12.0,160.0,95700.0,957.0
70W,28,12.0,159.6,95700.0,957.0
70W,28,12.1,159.20000000000002,96300.0,963.0
70W,28,12.4,158.8,96300.0,963.0
70W,29,12.3,126.9,100600.0,1006.0
70W,29,12.1,125.60000000000001,100500.0,1005.0
70W,29,12.4,125.4,100600.0,1006.0
70W,29,13.0,124.8,100400.0,1004.0
70W,29,13.4,124.10000000000001,100600.0,1006.0
70W,29,13.6,123.10000000000001,100400.0,1004.0
70W,29,12.3,121.8,100600.0,1006.0
70W,29,13.0,121.7,100500.0,1005.0
70W,29,13.5,120.10000000000001,100600.0,1006.0
70W,29,15.3,119.8,100400.0,1004.0
70W,29,14.5,117.5,100600.0,1006.0
70W,29,17.2,115.3,100600.0,1006.0
70W,29,18.8,114.10000000000001,100500.0,1005.0
70W,30,7.1000000000000005,162.1,100600.0,1006.0
70W,30,7.6000000000000005,162.3,100500.0,1005.0
70W,30,6.3,163.4,100600.0,1006.0
70W,30,6.8,164.6,100400.0,1004.0
70W,30,7.5,165.0,100500.0,1005.0
70W,30,7.9,164.6,100200.0,1002.0
70W,30,7.4,164.20000000000002,99900.0,999.0
70W,30,7.4,165.0,99300.0,993.0
70W,30,8.1,165.70000000000002,99400.0,994.0
70W,30,8.6,165.70000000000002,98600.0,986.0
70W,30,8.9,165.8,99200.0,992.0
70W,30,9.4,165.5,98100.0,981.0
70W,30,9.4,165.3,98400.0,984.0
70W,30,9.700000000000001,165.20000000000002,97900.0,979.0
70W,30,9.6,165.6,98800.0,988.0
70W,30,9.8,166.3,99000.0,990.0
70W,30,9.8,167.1,99400.0,994.0
70W,30,10.0,167.9,99400.0,994.0
70W,30,10.200000000000001,168.5,99600.0,996.0
70W,30,10.4,169.1,99500.0,995.0
70W,30,11.1,169.3,99700.0,997.0
70W,30,11.3,169.1,99600.0,996.0
70W,30,11.4,169.1,99900.0,999.0
70W,30,11.700000000000001,169.20000000000002,99800.0,998.0
70W,31,10.0,128.6,100700.0,1007.0
70W,31,11.700000000000001,127.8,100600.0,1006.0
70W,31,12.4,125.5,100500.0,1005.0
70W,31,12.4,123.8,100500.0,1005.0
70W,31,12.8,123.3,100300.0,1003.0
70W,31,12.8,122.2,100400.0,1004.0
70W,31,13.200000000000001,121.5,100400.0,1004.0
70W,31,12.9,120.10000000000001,100400.0,1004.0
70W,31,13.1,119.8,100300.0,1003.0
70W,31,13.5,119.5,100300.0,1003.0
70W,31,14.3,118.60000000000001,100400.0,1004.0
70W,31,15.200000000000001,118.2,100300.0,1003.0
70W,31,16.1,117.4,100200.0,1002.0
70W,31,16.8,116.7,100300.0,1003.0
70W,31,17.7,115.8,100200.0,1002.0
70W,31,18.6,115.0,100200.0,1002.0
70W,31,19.5,114.10000000000001,100000.0,1000.0
70W,31,20.400000000000002,113.2,100000.0,1000.0
70W,31,21.2,112.5,100100.0,1001.0
70W,31,21.900000000000002,112.2,100200.0,1002.0
70W,31,22.6,110.10000000000001,100300.0,1003.0
70W,31,23.400000000000002,110.4,100400.0,1004.0
70W,32,8.8,172.5,100500.0,1005.0
70W,32,9.5,171.5,100700.0,1007.0
70W,32,9.5,171.4,100500.0,1005.0
70W,32,10.700000000000001,170.70000000000002,100600.0,1006.0
70W,32,10.3,168.20000000000002,100500.0,1005.0
70W,32,8.0,167.5,100100.0,1001.0
70W,32,8.700000000000001,168.1,100100.0,1001.0
70W,32,9.5,167.6,99800.0,998.0
70W,32,10.200000000000001,166.9,99900.0,999.0
70W,32,10.700000000000001,165.5,99600.0,996.0
70W,32,9.9,165.20000000000002,99800.0,998.0
70W,32,10.3,166.0,99100.0,991.0
70W,32,11.1,164.6,99400.0,994.0
70W,32,11.200000000000001,164.3,99200.0,992.0
70W,32,11.200000000000001,163.4,99200.0,992.0
70W,32,11.3,162.9,98800.0,988.0
70W,32,11.3,162.9,98700.0,987.0
70W,32,11.4,162.70000000000002,98200.0,982.0
70W,32,11.4,162.1,98200.0,982.0
70W,32,11.700000000000001,161.6,97600.0,976.0
70W,32,11.700000000000001,160.70000000000002,97400.0,974.0
70W,32,11.700000000000001,160.3,96700.0,967.0
70W,33,9.5,170.20000000000002,100600.0,1006.0
70W,33,9.9,168.8,100700.0,1007.0
70W,33,10.200000000000001,168.20000000000002,100500.0,1005.0
70W,33,10.700000000000001,167.0,100600.0,1006.0
70W,33,10.8,166.3,100400.0,1004.0
70W,33,11.0,165.3,100400.0,1004.0
70W,33,11.200000000000001,164.3,100200.0,1002.0
70W,33,11.200000000000001,163.3,100300.0,1003.0
70W,33,11.4,162.6,100100.0,1001.0
70W,33,11.9,162.0,100200.0,1002.0
70W,33,12.700000000000001,161.6,100000.0,1000.0
70W,33,13.700000000000001,161.0,99600.0,996.0
70W,33,14.6,160.0,99200.0,992.0
70W,33,15.200000000000001,159.0,99300.0,993.0
70W,33,15.9,158.20000000000002,98700.0,987.0
70W,33,16.4,157.3,98700.0,987.0
70W,33,16.8,156.5,98600.0,986.0
70W,33,17.1,155.6,98700.0,987.0
70W,33,17.3,154.70000000000002,98500.0,985.0
70W,33,17.400000000000002,153.8,98500.0,985.0
70W,33,17.6,152.9,98400.0,984.0
70W,33,17.7,151.8,98100.0,981.0
70W,33,17.8,150.6,97300.0,973.0
70W,34,11.9,126.7,100800.0,1008.0
70W,34,10.9,126.8,100600.0,1006.0
70W,35,11.4,126.7,100700.0,1007.0
70W,35,11.700000000000001,126.0,100200.0,1002.0
70W,35,12.6,124.2,100000.0,1000.0
70W,35,12.4,123.8,99500.0,995.0
70W,35,12.6,122.4,99000.0,990.0
70W,35,12.9,121.2,99300.0,993.0
70W,35,13.0,120.0,97900.0,979.0
70W,35,13.3,119.2,96900.0,969.0
70W,35,13.8,118.4,97300.0,973.0
70W,35,14.5,117.7,96100.0,961.0
70W,35,15.200000000000001,116.5,95300.0,953.0
70W,35,15.9,115.10000000000001,94300.0,943.0
70W,35,16.3,114.0,93900.0,939.0
70W,35,16.9,113.0,93500.0,935.0
70W,35,17.3,112.0,93600.0,936.0
70W,35,18.1,111.10000000000001,92500.0,925.0
70W,35,18.6,110.2,94800.0,948.0
70W,35,19.2,109.2,96700.0,967.0
70W,35,19.7,108.4,96400.0,964.0
70W,35,20.2,107.5,96200.0,962.0
70W,35,20.900000000000002,106.9,97100.0,971.0
70W,35,21.400000000000002,105.8,98300.0,983.0
70W,35,21.8,104.8,99200.0,992.0
70W,35,21.7,104.8,99700.0,997.0
70W,36,12.1,127.3,100700.0,1007.0
70W,36,12.0,128.1,100500.0,1005.0
70W,36,12.700000000000001,124.3,100300.0,1003.0
70W,36,13.1,123.10000000000001,100300.0,1003.0
70W,36,13.1,122.2,100100.0,1001.0
70W,36,13.1,121.60000000000001,100100.0,1001.0
70W,36,13.0,120.3,100000.0,1000.0
70W,36,13.1,119.8,100000.0,1000.0
70W,36,13.8,118.9,99900.0,999.0
70W,36,14.1,118.10000000000001,99900.0,999.0
70W,36,14.700000000000001,117.4,99700.0,997.0
70W,36,15.4,116.60000000000001,99600.0,996.0
70W,36,16.4,115.9,99400.0,994.0
70W,36,17.2,114.9,99100.0,991.0
70W,36,18.0,113.9,98400.0,984.0
70W,36,18.6,113.0,97600.0,976.0
70W,36,19.1,112.2,97400.0,974.0
70W,36,19.900000000000002,111.60000000000001,97600.0,976.0
70W,36,20.7,110.8,97600.0,976.0
70W,36,21.400000000000002,110.4,98100.0,981.0
70W,36,22.3,110.10000000000001,98700.0,987.0
70W,36,23.3,110.0,99100.0,991.0
70W,36,24.1,109.8,99000.0,990.0
70W,37,12.3,126.2,100600.0,1006.0
70W,37,12.5,124.9,100400.0,1004.0
70W,37,12.1,123.9,100300.0,1003.0
70W,37,12.4,123.60000000000001,100200.0,1002.0
70W,37,12.700000000000001,123.0,99900.0,999.0
70W,37,13.0,122.10000000000001,99400.0,994.0
70W,37,13.3,121.5,99200.0,992.0
70W,37,13.6,120.5,99200.0,992.0
70W,37,13.8,119.60000000000001,98700.0,987.0
70W,37,14.4,118.60000000000001,98600.0,986.0
70W,37,14.700000000000001,117.7,98300.0,983.0
70W,37,15.200000000000001,116.9,97700.0,977.0
70W,37,15.9,116.3,97500.0,975.0
70W,37,16.8,115.5,96900.0,969.0
70W,37,17.400000000000002,114.7,96500.0,965.0
70W,37,18.2,114.10000000000001,96500.0,965.0
70W,37,19.1,113.2,96700.0,967.0
70W,37,19.900000000000002,112.5,95700.0,957.0
70W,37,20.7,111.7,95500.0,955.0
70W,37,21.5,111.0,95900.0,959.0
70W,37,22.5,110.5,97700.0,977.0
70W,37,23.6,110.10000000000001,98500.0,985.0
70W,37,24.8,110.3,99000.0,990.0
70W,37,26.6,110.9,99200.0,992.0
70W,38,13.200000000000001,125.60000000000001,100700.0,1007.0
70W,38,13.1,125.10000000000001,100000.0,1000.0
70W,38,13.1,124.3,99700.0,997.0
70W,38,13.3,123.8,99600.0,996.0
70W,38,13.8,122.60000000000001,100000.0,1000.0
70W,38,13.9,121.7,100000.0,1000.0
70W,38,14.0,120.7,100200.0,1002.0
70W,38,14.1,120.0,100000.0,1000.0
70W,38,14.6,119.2,100200.0,1002.0
70W,38,15.0,118.10000000000001,100100.0,1001.0
70W,38,15.8,117.60000000000001,100200.0,1002.0
70W,38,16.7,116.2,100200.0,1002.0
70W,38,16.9,115.8,100300.0,1003.0
70W,38,17.6,115.3,100200.0,1002.0
70W,38,18.7,114.3,100200.0,1002.0
70W,38,19.8,113.3,100300.0,1003.0
70W,38,20.6,112.2,100400.0,1004.0
70W,38,20.900000000000002,111.0,100300.0,1003.0
70W,38,21.1,108.9,100400.0,1004.0
70W,38,19.8,108.7,100500.0,1005.0
70W,39,7.5,162.3,100700.0,1007.0
70W,39,7.1000000000000005,162.70000000000002,100500.0,1005.0
70W,39,6.9,163.3,100800.0,1008.0
70W,39,7.2,163.6,100600.0,1006.0
70W,39,7.3,163.8,100700.0,1007.0
70W,39,7.2,163.5,100500.0,1005.0
70W,39,7.1000000000000005,163.0,100700.0,1007.0
70W,39,6.5,162.0,100500.0,1005.0
70W,39,7.2,161.70000000000002,100800.0,1008.0
70W,39,6.6000000000000005,161.1,100500.0,1005.0
70W,39,7.7,161.1,100800.0,1008.0
70W,39,7.2,161.1,100700.0,1007.0
70W,39,7.3,160.3,100900.0,1009.0
70W,39,7.1000000000000005,160.6,100600.0,1006.0
70W,39,8.4,160.5,100900.0,1009.0
70W,39,7.9,159.8,100600.0,1006.0
70W,39,8.4,158.1,100800.0,1008.0
70W,39,7.7,157.1,100600.0,1006.0
70W,39,10.5,156.0,100600.0,1006.0
70W,39,11.1,154.3,100700.0,1007.0
70W,39,9.9,153.5,100500.0,1005.0
70W,39,11.5,151.70000000000002,100800.0,1008.0
70W,39,11.200000000000001,150.6,100500.0,1005.0
70W,40,11.6,128.4,100600.0,1006.0
70W,40,11.200000000000001,126.4,100400.0,1004.0
70W,40,12.3,125.7,100500.0,1005.0
70W,40,12.200000000000001,123.9,100300.0,1003.0
70W,40,11.700000000000001,123.4,100400.0,1004.0
70W,40,12.1,122.5,100300.0,1003.0
70W,40,11.9,121.4,100500.0,1005.0
70W,40,11.8,120.5,100300.0,1003.0
70W,40,11.8,120.10000000000001,100400.0,1004.0
70W,40,12.3,119.60000000000001,100300.0,1003.0
70W,40,14.1,118.4,100500.0,1005.0
70W,40,14.700000000000001,117.5,100600.0,1006.0
70W,40,15.5,116.7,100400.0,1004.0
70W,40,16.4,115.8,100500.0,1005.0
70W,40,17.2,115.10000000000001,100400.0,1004.0
70W,40,18.1,114.5,100400.0,1004.0
70W,40,18.7,113.9,100200.0,1002.0
70W,40,19.6,112.7,100100.0,1001.0
70W,40,20.1,111.7,100100.0,1001.0
70W,40,20.400000000000002,111.5,100000.0,1000.0
70W,40,20.7,111.60000000000001,99900.0,999.0
70W,40,21.400000000000002,111.7,100000.0,1000.0
70W,40,21.8,110.8,100000.0,1000.0
70W,41,10.700000000000001,128.6,100000.0,1000.0
70W,41,11.3,127.7,100100.0,1001.0
70W,41,12.1,126.8,100100.0,1001.0
70W,41,12.8,125.7,98900.0,989.0
70W,41,13.3,124.3,98800.0,988.0
70W,41,13.3,123.4,99100.0,991.0
70W,41,13.700000000000001,122.60000000000001,98400.0,984.0
70W,41,14.0,121.60000000000001,98000.0,980.0
70W,41,14.5,120.9,98600.0,986.0
70W,41,14.9,119.8,98200.0,982.0
70W,41,15.3,118.60000000000001,97700.0,977.0
70W,41,15.5,118.0,97300.0,973.0
70W,41,16.6,117.60000000000001,97200.0,972.0
70W,41,17.3,116.60000000000001,96500.0,965.0
70W,41,18.0,116.0,96400.0,964.0
70W,41,18.900000000000002,115.5,96700.0,967.0
70W,41,19.7,115.10000000000001,96300.0,963.0
70W,41,20.5,114.10000000000001,95800.0,958.0
70W,41,21.400000000000002,113.60000000000001,96100.0,961.0
70W,41,22.3,112.60000000000001,97000.0,970.0
70W,41,23.0,112.5,98000.0,980.0
70W,41,24.0,112.10000000000001,98500.0,985.0
70W,41,25.2,112.9,98900.0,989.0
70W,41,27.0,112.7,99100.0,991.0
70W,42,8.6,173.5,100500.0,1005.0
70W,42,9.0,173.3,100300.0,1003.0
70W,42,8.8,172.9,100400.0,1004.0
70W,42,9.3,172.9,100300.0,1003.0
70W,42,9.5,172.1,100300.0,1003.0
70W,42,10.1,171.5,100300.0,1003.0
70W,42,10.700000000000001,170.6,100500.0,1005.0
70W,42,11.3,169.8,100300.0,1003.0
70W,42,11.3,168.9,100400.0,1004.0
70W,42,11.6,167.5,100400.0,1004.0
70W,42,11.700000000000001,166.1,100600.0,1006.0
70W,42,11.700000000000001,165.0,100500.0,1005.0
70W,42,12.4,164.6,100700.0,1007.0
70W,42,13.6,160.3,100700.0,1007.0
70W,42,13.5,158.0,100900.0,1009.0
70W,43,11.8,127.8,100700.0,1007.0
70W,43,12.700000000000001,126.7,100500.0,1005.0
70W,43,12.4,124.9,100600.0,1006.0
70W,43,12.5,124.2,100300.0,1003.0
70W,43,12.6,123.4,100500.0,1005.0
70W,43,12.6,122.7,100300.0,1003.0
70W,43,12.6,121.5,100400.0,1004.0
70W,43,13.200000000000001,120.3,100100.0,1001.0
70W,43,12.9,120.0,100000.0,1000.0
70W,43,13.8,119.4,99900.0,999.0
70W,43,14.700000000000001,118.5,99900.0,999.0
70W,43,15.0,117.7,99400.0,994.0
70W,43,15.5,116.9,98800.0,988.0
70W,43,16.4,116.5,97600.0,976.0
70W,43,17.2,115.7,97300.0,973.0
70W,43,17.8,114.8,96800.0,968.0
70W,43,18.6,114.3,96200.0,962.0
70W,43,19.5,113.60000000000001,95600.0,956.0
70W,43,20.3,113.0,95100.0,951.0
70W,43,21.1,112.3,94800.0,948.0
70W,43,22.0,111.7,95700.0,957.0
70W,43,22.7,111.10000000000001,97100.0,971.0
70W,43,23.400000000000002,110.8,97700.0,977.0
70W,43,24.2,110.5,98300.0,983.0
70W,44,12.8,131.4,100700.0,1007.0
70W,44,11.9,127.4,100600.0,1006.0
70W,44,12.6,124.4,100300.0,1003.0
70W,44,12.700000000000001,123.60000000000001,100400.0,1004.0
70W,44,12.9,122.9,99900.0,999.0
70W,44,13.1,122.0,99500.0,995.0
70W,44,13.6,120.60000000000001,99400.0,994.0
70W,44,13.700000000000001,119.5,97500.0,975.0
70W,44,14.0,118.60000000000001,97300.0,973.0
70W,44,14.0,118.10000000000001,96700.0,967.0
70W,44,14.8,117.7,95700.0,957.0
70W,44,15.700000000000001,117.10000000000001,95300.0,953.0
70W,44,16.4,116.10000000000001,94600.0,946.0
70W,44,17.2,115.3,94400.0,944.0
70W,44,17.900000000000002,114.3,94400.0,944.0
70W,44,18.8,113.3,94500.0,945.0
70W,44,19.5,112.5,94300.0,943.0
70W,44,20.2,111.5,95100.0,951.0
70W,44,20.900000000000002,110.5,95700.0,957.0
70W,44,21.7,109.4,97100.0,971.0
70W,44,22.3,108.4,98200.0,982.0
70W,44,23.0,107.7,98900.0,989.0
70W,44,23.7,106.8,99100.0,991.0
70W,45,9.3,171.9,100600.0,1006.0
70W,45,9.3,170.9,100700.0,1007.0
70W,45,9.6,170.0,100500.0,1005.0
70W,45,10.1,169.70000000000002,100500.0,1005.0
70W,46,9.1,168.8,100700.0,1007.0
70W,46,9.200000000000001,168.1,100500.0,1005.0
70W,46,8.1,165.4,100500.0,1005.0
70W,46,8.700000000000001,166.20000000000002,100300.0,1003.0
70W,47,8.4,173.0,100500.0,1005.0
70W,47,9.1,172.6,100400.0,1004.0
70W,47,9.6,171.70000000000002,100300.0,1003.0
70W,47,9.8,170.5,100200.0,1002.0
70W,47,10.200000000000001,169.5,100000.0,1000.0
70W,47,10.700000000000001,168.6,99600.0,996.0
70W,47,10.8,167.1,99700.0,997.0
70W,47,10.5,166.0,99200.0,992.0
70W,47,10.200000000000001,164.9,99000.0,990.0
70W,47,10.5,164.0,98600.0,986.0
70W,47,10.700000000000001,162.9,97600.0,976.0
70W,47,11.0,161.8,97200.0,972.0
70W,47,11.3,160.6,96500.0,965.0
70W,47,11.6,159.20000000000002,96300.0,963.0
70W,47,11.8,157.9,96300.0,963.0
70W,47,11.9,156.8,96100.0,961.0
70W,47,11.9,156.0,95600.0,956.0
70W,47,12.1,155.3,95600.0,956.0
70W,47,12.1,154.5,95100.0,951.0
70W,47,12.200000000000001,153.70000000000002,95100.0,951.0
70W,47,12.4,153.0,96300.0,963.0
70W,47,12.700000000000001,152.20000000000002,96600.0,966.0
70W,47,13.0,151.3,96500.0,965.0
70W,47,13.200000000000001,150.4,95000.0,950.0
70W,48,11.0,129.0,100700.0,1007.0
70W,48,12.1,127.10000000000001,100600.0,1006.0
70W,48,14.5,124.7,100600.0,1006.0
70W,48,14.5,124.5,100700.0,1007.0
70W,48,14.200000000000001,122.60000000000001,100600.0,1006.0
70W,48,14.1,123.0,100700.0,1007.0
70W,48,13.700000000000001,120.2,100700.0,1007.0
70W,48,14.5,118.5,100600.0,1006.0
70W,48,15.700000000000001,116.0,100400.0,1004.0
70W,48,16.2,115.0,100200.0,1002.0
70W,48,16.0,114.4,100100.0,1001.0
70W,48,16.1,113.9,100100.0,1001.0
70W,48,16.4,113.60000000000001,99700.0,997.0
70W,48,16.6,113.0,99200.0,992.0
70W,48,17.2,112.2,99300.0,993.0
70W,48,17.900000000000002,111.5,98800.0,988.0
70W,48,19.0,110.8,98700.0,987.0
70W,48,19.900000000000002,109.60000000000001,98800.0,988.0
70W,48,20.400000000000002,109.10000000000001,98600.0,986.0
70W,48,21.1,108.7,98700.0,987.0
70W,49,7.9,173.1,100700.0,1007.0
70W,49,7.9,172.70000000000002,100500.0,1005.0
70W,49,7.8,172.0,100700.0,1007.0
70W,49,7.6000000000000005,171.8,100500.0,1005.0
70W,49,8.4,170.8,100600.0,1006.0
70W,49,8.9,169.9,100500.0,1005.0
70W,49,9.6,168.5,100600.0,1006.0
70W,49,10.0,167.6,100400.0,1004.0
70W,49,10.200000000000001,166.3,100600.0,1006.0
70W,49,10.4,165.0,100400.0,1004.0
70W,49,10.200000000000001,163.8,100600.0,1006.0
70W,49,10.200000000000001,163.20000000000002,100400.0,1004.0
70W,49,10.5,162.1,100600.0,1006.0
70W,49,10.4,161.5,100400.0,1004.0
70W,49,10.200000000000001,160.20000000000002,100400.0,1004.0
70W,49,10.1,159.5,100600.0,1006.0
70W,49,10.700000000000001,159.3,100400.0,1004.0
70W,49,10.6,158.70000000000002,100600.0,1006.0
70W,49,11.200000000000001,158.6,100300.0,1003.0
70W,49,10.1,157.8,100500.0,1005.0
70W,49,11.9,157.8,100300.0,1003.0
70W,49,12.1,157.0,100500.0,1005.0
70W,49,12.3,156.3,100200.0,1002.0
70W,50,11.3,126.7,99900.0,999.0
70W,50,12.1,126.2,99400.0,994.0
70W,50,12.6,125.3,99100.0,991.0
70W,50,12.8,124.3,98800.0,988.0
70W,50,13.1,123.10000000000001,99400.0,994.0
70W,50,13.200000000000001,121.8,99200.0,992.0
70W,50,13.0,120.8,99400.0,994.0
70W,50,13.3,120.0,98800.0,988.0
70W,50,13.4,119.3,98900.0,989.0
70W,50,14.1,118.8,98800.0,988.0
70W,50,14.9,117.9,98900.0,989.0
70W,50,15.5,117.0,98700.0,987.0
70W,50,16.3,116.2,99100.0,991.0
70W,50,17.2,115.4,99200.0,992.0
70W,50,18.1,114.7,99300.0,993.0
70W,50,19.2,113.7,99300.0,993.0
70W,50,20.400000000000002,112.9,99300.0,993.0
70W,50,21.400000000000002,112.2,98900.0,989.0
70W,50,22.5,111.5,99500.0,995.0
70W,50,23.3,111.10000000000001,99800.0,998.0
70W,50,24.8,111.3,100300.0,1003.0
70W,50,26.8,112.3,100200.0,1002.0
70W,50,30.2,111.9,100100.0,1001.0
70W,51,12.1,128.9,100700.0,1007.0
70W,51,11.6,126.5,100600.0,1006.0
70W,51,11.700000000000001,126.0,100700.0,1007.0
70W,51,12.1,124.10000000000001,100400.0,1004.0
70W,51,12.4,124.0,100400.0,1004.0
70W,51,13.1,122.8,100400.0,1004.0
70W,51,12.9,121.8,100400.0,1004.0
70W,51,13.4,121.0,100300.0,1003.0
70W,51,13.200000000000001,119.8,99900.0,999.0
70W,51,13.700000000000001,119.10000000000001,99700.0,997.0
70W,51,14.200000000000001,118.4,99600.0,996.0
70W,51,14.700000000000001,117.3,99300.0,993.0
70W,51,15.0,116.7,99000.0,990.0
70W,51,15.6,116.0,98400.0,984.0
70W,51,16.4,115.2,98300.0,983.0
70W,51,16.9,114.10000000000001,98100.0,981.0
70W,51,17.5,113.4,97800.0,978.0
70W,51,18.1,112.5,97800.0,978.0
70W,51,18.7,111.5,97900.0,979.0
70W,51,19.5,110.4,98300.0,983.0
70W,51,19.900000000000002,109.60000000000001,98600.0,986.0
70W,51,20.3,108.60000000000001,98400.0,984.0
70W,51,20.400000000000002,107.8,98200.0,982.0
70W,51,20.5,107.10000000000001,97500.0,975.0
71W,1,8.6,169.3,100700.0,1007.0
71W,1,8.8,169.5,100600.0,1006.0
71W,1,10.200000000000001,172.4,100700.0,1007.0
71W,1,11.1,171.20000000000002,100500.0,1005.0
71W,1,11.6,169.70000000000002,100500.0,1005.0
71W,1,11.700000000000001,168.8,100300.0,1003.0
71W,1,12.6,168.0,100100.0,1001.0
71W,1,13.200000000000001,166.70000000000002,99800.0,998.0
71W,1,13.8,165.4,99900.0,999.0
71W,1,14.4,163.4,99300.0,993.0
71W,1,14.6,161.20000000000002,99900.0,999.0
71W,1,14.6,159.1,99400.0,994.0
71W,1,13.8,157.0,99900.0,999.0
71W,1,13.200000000000001,155.70000000000002,99400.0,994.0
71W,2,9.6,163.20000000000002,100500.0,1005.0
71W,2,8.2,162.9,100500.0,1005.0
71W,2,9.1,164.6,100700.0,1007.0
71W,2,9.1,164.1,100400.0,1004.0
71W,2,8.6,163.8,100600.0,1006.0
71W,2,7.8,164.20000000000002,100400.0,1004.0
71W,3,8.700000000000001,171.9,100700.0,1007.0
71W,3,9.0,171.3,100600.0,1006.0
71W,3,9.3,170.8,100700.0,1007.0
71W,3,10.0,169.8,100500.0,1005.0
71W,3,10.4,167.9,100500.0,1005.0
71W,3,8.4,165.1,100600.0,1006.0
71W,3,7.0,163.6,100400.0,1004.0
71W,3,6.9,163.9,100600.0,1006.0
71W,3,9.4,163.1,100500.0,1005.0
71W,3,9.3,160.1,100700.0,1007.0
71W,3,9.8,158.8,100600.0,1006.0
71W,3,10.0,158.6,100700.0,1007.0
71W,3,10.200000000000001,157.9,100500.0,1005.0
71W,3,10.5,157.9,100700.0,1007.0
71W,3,11.0,156.5,100500.0,1005.0
71W,3,11.1,156.1,100500.0,1005.0
71W,3,11.3,155.5,100300.0,1003.0
71W,3,10.700000000000001,155.3,100500.0,1005.0
71W,3,11.0,154.9,100200.0,1002.0
71W,4,7.3,163.1,100500.0,1005.0
71W,4,6.6000000000000005,163.3,100300.0,1003.0
71W,4,6.8,163.8,100600.0,1006.0
71W,4,6.9,163.8,100300.0,1003.0
71W,4,6.2,163.9,100500.0,1005.0
71W,4,6.0,164.6,100200.0,1002.0
71W,4,5.8,165.3,100400.0,1004.0
71W,4,6.0,165.9,100200.0,1002.0
71W,4,6.5,166.20000000000002,100300.0,1003.0
71W,4,6.9,166.70000000000002,100200.0,1002.0
71W,4,7.4,166.9,100600.0,1006.0
71W,4,8.6,167.1,100400.0,1004.0
71W,5,12.3,127.4,100700.0,1007.0
71W,5,11.6,126.4,100500.0,1005.0
71W,5,12.1,125.0,100400.0,1004.0
71W,5,12.3,123.10000000000001,100200.0,1002.0
71W,5,11.8,122.4,99900.0,999.0
71W,5,12.5,122.10000000000001,99700.0,997.0
71W,5,13.3,122.0,100000.0,1000.0
71W,6,8.8,172.6,100600.0,1006.0
71W,6,8.5,173.6,100300.0,1003.0
71W,6,9.3,173.6,100600.0,1006.0
71W,6,10.1,173.4,100200.0,1002.0
71W,6,10.5,172.3,100200.0,1002.0
71W,6,11.0,171.3,99900.0,999.0
71W,6,11.4,170.6,99800.0,998.0
71W,6,12.1,169.3,99100.0,991.0
71W,6,12.6,167.9,99400.0,994.0
71W,6,12.8,166.4,99300.0,993.0
71W,6,13.1,164.8,99700.0,997.0
71W,7,7.5,162.5,100600.0,1006.0
71W,7,7.2,162.70000000000002,100500.0,1005.0
71W,7,6.7,163.3,100600.0,1006.0
71W,7,7.0,163.8,100400.0,1004.0
71W,7,6.8,163.8,100500.0,1005.0
71W,7,7.2,163.6,100300.0,1003.0
71W,7,7.4,163.4,100500.0,1005.0
71W,7,7.6000000000000005,163.4,100200.0,1002.0
71W,7,8.0,163.1,100200.0,1002.0
71W,7,8.3,162.70000000000002,100000.0,1000.0
71W,7,8.6,162.3,100300.0,1003.0
71W,7,8.6,161.70000000000002,99900.0,999.0
71W,7,9.3,161.3,100000.0,1000.0
71W,7,9.700000000000001,160.8,99400.0,994.0
71W,7,10.200000000000001,160.3,99600.0,996.0
71W,7,11.0,159.5,99000.0,990.0
71W,7,11.4,158.4,99000.0,990.0
71W,7,11.4,157.5,98700.0,987.0
71W,7,11.6,156.6,98800.0,988.0
71W,7,11.3,155.6,98300.0,983.0
71W,7,11.3,155.4,97800.0,978.0
71W,7,11.6,154.70000000000002,97400.0,974.0
71W,7,11.200000000000001,154.4,96500.0,965.0
71W,7,11.4,153.9,95100.0,951.0
71W,8,8.3,174.1,100300.0,1003.0
71W,8,9.0,174.20000000000002,100300.0,1003.0
71W,8,9.3,173.5,100500.0,1005.0
71W,8,10.0,172.8,100400.0,1004.0
71W,8,10.3,172.0,100400.0,1004.0
71W,8,10.700000000000001,171.3,100300.0,1003.0
71W,8,10.9,171.0,100400.0,1004.0
71W,8,11.4,169.8,100300.0,1003.0
71W,8,11.6,168.8,100400.0,1004.0
71W,8,11.8,167.9,100300.0,1003.0
71W,8,12.5,166.9,100500.0,1005.0
71W,8,12.8,165.8,100400.0,1004.0
71W,8,13.4,164.5,100600.0,1006.0
71W,8,13.5,163.8,100500.0,1005.0
71W,8,13.8,162.20000000000002,100700.0,1007.0
71W,8,12.8,160.70000000000002,100500.0,1005.0
71W,8,13.3,159.8,100700.0,1007.0
71W,8,13.4,158.9,100600.0,1006.0
71W,9,7.5,164.3,100600.0,1006.0
71W,9,7.8,164.1,100800.0,1008.0
71W,9,8.0,164.5,100500.0,1005.0
71W,9,7.8,165.0,100600.0,1006.0
71W,9,7.9,165.3,100400.0,1004.0
71W,9,8.6,166.5,100400.0,1004.0
71W,9,8.8,165.6,100100.0,1001.0
71W,9,9.4,165.5,100200.0,1002.0
71W,9,9.9,164.3,100100.0,1001.0
71W,9,9.5,162.9,100200.0,1002.0
71W,9,9.5,162.0,99900.0,999.0
71W,9,9.1,161.5,99800.0,998.0
71W,9,8.8,161.0,99300.0,993.0
71W,9,9.4,160.20000000000002,99200.0,992.0
71W,9,9.3,159.1,98400.0,984.0
71W,9,9.0,158.1,98200.0,982.0
71W,9,8.8,157.5,98000.0,980.0
71W,9,8.6,157.0,98100.0,981.0
71W,9,8.4,156.6,97500.0,975.0
71W,9,8.4,156.0,97500.0,975.0
71W,9,8.3,155.9,96800.0,968.0
71W,9,8.2,155.8,96400.0,964.0
71W,9,8.4,155.8,96100.0,961.0
71W,10,9.0,173.6,100400.0,1004.0
71W,10,9.3,171.4,100400.0,1004.0
71W,10,10.4,171.1,100500.0,1005.0
71W,10,10.200000000000001,171.70000000000002,100300.0,1003.0
71W,10,11.200000000000001,171.70000000000002,99800.0,998.0
71W,10,12.8,169.1,99600.0,996.0
71W,11,13.0,124.5,100800.0,1008.0
71W,11,13.200000000000001,123.8,100500.0,1005.0
71W,11,13.3,122.9,100500.0,1005.0
71W,11,13.6,121.8,100200.0,1002.0
71W,11,13.5,120.60000000000001,99900.0,999.0
71W,11,13.6,119.4,99900.0,999.0
71W,11,13.5,118.5,99800.0,998.0
71W,11,13.6,117.7,99900.0,999.0
71W,11,14.0,117.2,100200.0,1002.0
71W,11,14.3,116.5,100300.0,1003.0
71W,11,14.4,116.3,100200.0,1002.0
71W,11,15.0,115.60000000000001,100100.0,1001.0
71W,11,15.8,114.9,100200.0,1002.0
71W,11,16.6,114.10000000000001,100200.0,1002.0
71W,11,17.6,113.4,100300.0,1003.0
71W,11,18.5,112.7,100300.0,1003.0
71W,11,19.0,111.9,100300.0,1003.0
71W,11,19.7,111.0,100200.0,1002.0
71W,11,20.7,110.5,100200.0,1002.0
71W,11,21.6,109.8,100200.0,1002.0
71W,11,21.400000000000002,108.2,100300.0,1003.0
71W,12,8.0,163.8,100600.0,1006.0
71W,12,7.9,161.8,100500.0,1005.0
71W,12,7.7,160.5,100600.0,1006.0
71W,12,6.5,161.70000000000002,100400.0,1004.0
71W,12,7.0,162.4,100400.0,1004.0
71W,12,6.9,162.70000000000002,100100.0,1001.0
71W,12,6.8,163.0,99600.0,996.0
71W,12,6.8,163.70000000000002,99200.0,992.0
71W,12,7.6000000000000005,164.20000000000002,99200.0,992.0
71W,12,8.3,164.20000000000002,98900.0,989.0
71W,12,9.1,163.8,99100.0,991.0
71W,12,9.700000000000001,162.9,98500.0,985.0
71W,12,10.0,162.20000000000002,98100.0,981.0
71W,12,10.0,161.70000000000002,97600.0,976.0
71W,12,10.1,161.5,97900.0,979.0
71W,12,10.4,161.4,97600.0,976.0
71W,12,10.4,161.1,97300.0,973.0
71W,12,10.4,161.0,97100.0,971.0
71W,12,10.4,160.8,97000.0,970.0
71W,12,10.200000000000001,160.9,96700.0,967.0
71W,12,10.3,160.9,96600.0,966.0
71W,12,10.700000000000001,160.9,96900.0,969.0
71W,13,11.1,157.20000000000002,100500.0,1005.0
71W,13,11.9,155.5,100800.0,1008.0
71W,13,11.3,154.6,100600.0,1006.0
71W,13,12.1,151.8,100900.0,1009.0
71W,13,13.700000000000001,153.1,100800.0,1008.0
71W,13,12.200000000000001,151.5,100800.0,1008.0
71W,14,13.0,127.10000000000001,100700.0,1007.0
71W,14,11.200000000000001,128.2,100600.0,1006.0
71W,14,12.700000000000001,126.4,100500.0,1005.0
71W,14,12.6,124.7,100700.0,1007.0
71W,14,11.8,124.5,100600.0,1006.0
71W,14,12.1,120.4,100600.0,1006.0
71W,14,12.5,120.3,100600.0,1006.0
71W,14,13.3,119.60000000000001,100300.0,1003.0
71W,14,13.700000000000001,118.8,100300.0,1003.0
71W,14,14.5,118.0,100100.0,1001.0
71W,14,15.200000000000001,117.5,100100.0,1001.0
71W,14,16.2,116.8,99900.0,999.0
71W,14,16.9,116.0,99900.0,999.0
71W,14,17.7,115.3,99800.0,998.0
71W,14,18.5,114.60000000000001,99700.0,997.0
71W,14,19.5,113.9,99500.0,995.0
71W,14,20.2,113.10000000000001,99500.0,995.0
71W,14,21.0,112.4,99500.0,995.0
71W,14,21.6,112.3,99600.0,996.0
71W,14,22.8,112.2,99800.0,998.0
71W,14,23.5,111.7,100000.0,1000.0
71W,14,24.400000000000002,111.5,100200.0,1002.0
71W,15,7.5,162.6,100800.0,1008.0
71W,15,7.4,163.6,100600.0,1006.0
71W,15,8.1,163.9,100800.0,1008.0
71W,15,7.2,164.70000000000002,100600.0,1006.0
71W,15,7.3,163.3,100700.0,1007.0
71W,15,6.8,163.9,100500.0,1005.0
71W,15,7.2,164.6,100700.0,1007.0
71W,15,7.2,165.6,100400.0,1004.0
71W,16,7.5,163.3,100700.0,1007.0
71W,16,7.4,164.0,100600.0,1006.0
71W,16,7.1000000000000005,164.9,100700.0,1007.0
71W,16,7.6000000000000005,165.70000000000002,100500.0,1005.0
71W,16,8.4,166.1,100100.0,1001.0
71W,16,9.0,166.5,100200.0,1002.0
71W,16,9.700000000000001,165.8,100000.0,1000.0
71W,16,10.200000000000001,164.6,100100.0,1001.0
71W,16,9.1,163.70000000000002,99900.0,999.0
71W,16,9.1,164.3,100000.0,1000.0
71W,16,10.0,162.5,99700.0,997.0
71W,16,9.700000000000001,161.70000000000002,99900.0,999.0
71W,16,10.0,161.8,99600.0,996.0
71W,16,10.5,160.4,99100.0,991.0
71W,16,10.5,159.8,97700.0,977.0
71W,16,10.3,159.1,97200.0,972.0
71W,16,10.200000000000001,158.6,96300.0,963.0
71W,16,10.4,158.0,95300.0,953.0
71W,16,10.0,157.4,94200.0,942.0
71W,16,10.200000000000001,157.1,94700.0,947.0
71W,16,10.200000000000001,156.70000000000002,93900.0,939.0
71W,16,10.200000000000001,156.20000000000002,94700.0,947.0
71W,16,10.200000000000001,155.9,95500.0,955.0
71W,17,9.700000000000001,171.6,100600.0,1006.0
71W,17,9.3,172.6,100800.0,1008.0
71W,17,8.2,170.70000000000002,100600.0,1006.0
71W,17,10.200000000000001,169.8,100700.0,1007.0
71W,17,10.4,168.9,100500.0,1005.0
71W,17,10.700000000000001,167.6,100600.0,1006.0
71W,17,9.700000000000001,163.4,100300.0,1003.0
71W,17,9.9,163.1,99700.0,997.0
71W,17,9.6,161.5,99200.0,992.0
71W,17,10.0,161.0,98900.0,989.0
71W,17,10.4,159.6,97900.0,979.0
71W,17,11.0,158.6,96600.0,966.0
71W,17,11.4,157.20000000000002,95100.0,951.0
71W,17,11.700000000000001,156.3,93500.0,935.0
71W,17,12.0,155.3,93300.0,933.0
71W,17,12.200000000000001,154.4,91400.0,914.0
71W,17,12.4,153.3,91900.0,919.0
71W,17,12.6,152.5,92600.0,926.0
71W,17,12.6,151.5,92300.0,923.0
71W,17,12.9,150.4,92000.0,920.0
71W,18,8.8,172.9,100800.0,1008.0
71W,18,9.700000000000001,171.8,100600.0,1006.0
71W,18,9.3,171.6,100800.0,1008.0
71W,18,9.700000000000001,171.70000000000002,100600.0,1006.0
71W,18,10.5,170.8,100600.0,1006.0
71W,18,11.200000000000001,170.0,100400.0,1004.0
71W,18,11.6,169.0,100500.0,1005.0
71W,18,11.9,167.8,100200.0,1002.0
71W,18,12.4,166.70000000000002,100300.0,1003.0
71W,18,13.1,165.1,100100.0,1001.0
71W,19,9.5,171.4,100600.0,1006.0
71W,19,9.8,170.8,100700.0,1007.0
71W,19,9.8,169.5,100500.0,1005.0
71W,19,9.3,168.8,100600.0,1006.0
71W,19,9.1,167.70000000000002,100400.0,1004.0
71W,19,10.0,166.20000000000002,100500.0,1005.0
71W,19,9.5,165.0,100300.0,1003.0
71W,19,9.8,164.8,100400.0,1004.0
71W,19,10.200000000000001,163.6,100100.0,1001.0
71W,19,10.200000000000001,162.70000000000002,100200.0,1002.0
71W,19,10.5,161.4,99900.0,999.0
71W,19,10.3,160.0,100100.0,1001.0
71W,19,9.8,159.3,99900.0,999.0
71W,19,9.4,158.8,100100.0,1001.0
71W,19,9.700000000000001,158.4,99900.0,999.0
71W,19,10.200000000000001,157.5,100000.0,1000.0
71W,19,10.5,156.3,99700.0,997.0
71W,19,10.6,155.1,99800.0,998.0
71W,19,10.8,154.1,99500.0,995.0
71W,19,10.8,152.70000000000002,99400.0,994.0
71W,19,11.0,151.8,98300.0,983.0
71W,19,11.3,150.6,97900.0,979.0
71W,19,11.3,149.3,96100.0,961.0
71W,20,8.6,174.6,100500.0,1005.0
71W,20,9.1,174.3,100400.0,1004.0
71W,20,9.3,173.3,100700.0,1007.0
71W,20,9.3,172.8,100500.0,1005.0
71W,20,9.4,172.1,100600.0,1006.0
71W,20,9.700000000000001,171.1,100500.0,1005.0
71W,20,10.0,170.4,100600.0,1006.0
71W,20,10.4,169.5,100300.0,1003.0
71W,20,11.1,168.0,100400.0,1004.0
71W,20,11.700000000000001,166.8,100300.0,1003.0
71W,20,12.4,165.6,100500.0,1005.0
71W,20,13.0,163.6,100400.0,1004.0
71W,20,13.6,161.5,100600.0,1006.0
71W,21,8.4,166.6,100300.0,1003.0
71W,21,9.0,165.8,100200.0,1002.0
71W,21,8.8,164.8,100100.0,1001.0
71W,21,8.5,164.5,99900.0,999.0
71W,21,8.1,164.5,99900.0,999.0
71W,21,8.0,164.9,99700.0,997.0
71W,21,8.2,165.20000000000002,99700.0,997.0
71W,21,8.8,164.8,99300.0,993.0
71W,21,9.1,164.1,99400.0,994.0
71W,21,9.1,163.6,98900.0,989.0
71W,21,8.700000000000001,163.4,99400.0,994.0
71W,21,8.2,163.1,99300.0,993.0
71W,21,8.1,163.1,99500.0,995.0
71W,21,8.3,163.4,99500.0,995.0
71W,21,8.5,163.3,99800.0,998.0
71W,21,9.1,163.1,99700.0,997.0
71W,21,9.9,162.5,99900.0,999.0
71W,21,10.5,161.5,99500.0,995.0
71W,21,10.9,160.1,99700.0,997.0
71W,21,10.700000000000001,158.9,99200.0,992.0
71W,21,10.5,158.4,98800.0,988.0
71W,21,10.5,157.9,98600.0,986.0
71W,21,10.200000000000001,157.4,98100.0,981.0
71W,21,10.3,157.20000000000002,98000.0,980.0
71W,22,33.7,126.0,100600.0,1006.0
71W,22,34.300000000000004,130.2,100400.0,1004.0
71W,22,34.5,135.3,100500.0,1005.0
71W,22,34.9,141.0,100000.0,1000.0
71W,22,34.9,143.0,99900.0,999.0
71W,22,34.9,144.9,99900.0,999.0
71W,22,34.2,146.3,100200.0,1002.0
71W,22,33.5,148.20000000000002,100200.0,1002.0
71W,23,11.200000000000001,130.0,100700.0,1007.0
71W,23,11.700000000000001,128.1,100800.0,1008.0
71W,23,10.200000000000001,127.4,100600.0,1006.0
71W,23,7.4,127.4,100700.0,1007.0
71W,23,8.6,128.6,100900.0,1009.0
71W,23,9.8,131.2,100800.0,1008.0
71W,23,10.0,132.6,101000.0,1010.0
71W,24,8.1,173.3,100800.0,1008.0
71W,24,9.1,171.70000000000002,100700.0,1007.0
71W,24,9.1,171.1,100800.0,1008.0
71W,24,9.1,170.4,100600.0,1006.0
71W,24,9.5,170.1,100700.0,1007.0
71W,24,10.3,169.3,100500.0,1005.0
71W,24,10.700000000000001,167.6,100600.0,1006.0
71W,24,11.3,166.0,100400.0,1004.0
71W,24,11.8,164.1,100600.0,1006.0
71W,25,8.1,174.3,100100.0,1001.0
71W,25,8.4,174.70000000000002,99600.0,996.0
71W,25,8.6,174.6,99800.0,998.0
71W,25,8.8,174.20000000000002,99700.0,997.0
71W,25,8.8,173.6,99800.0,998.0
71W,25,8.700000000000001,173.0,99100.0,991.0
71W,25,8.700000000000001,172.6,99400.0,994.0
71W,25,8.9,172.6,99000.0,990.0
71W,25,9.3,172.1,98600.0,986.0
71W,25,9.5,171.70000000000002,98400.0,984.0
71W,25,9.700000000000001,171.20000000000002,98500.0,985.0
71W,25,10.0,170.70000000000002,98200.0,982.0
71W,25,10.200000000000001,170.20000000000002,98200.0,982.0
71W,25,10.3,169.9,98100.0,981.0
71W,25,10.5,169.5,98200.0,982.0
71W,25,10.700000000000001,169.0,97900.0,979.0
71W,25,10.700000000000001,168.6,98100.0,981.0
71W,25,11.0,168.3,98000.0,980.0
71W,25,11.0,168.0,98000.0,980.0
71W,25,11.200000000000001,167.9,97800.0,978.0
71W,25,11.4,167.5,97900.0,979.0
71W,25,11.9,167.4,97500.0,975.0
71W,25,12.4,167.0,97200.0,972.0
71W,25,13.0,166.5,96700.0,967.0
71W,26,15.5,112.5,100100.0,1001.0
71W,26,15.8,113.4,100200.0,1002.0
71W,26,17.3,113.9,99900.0,999.0
71W,26,18.8,112.8,99600.0,996.0
71W,26,19.3,112.2,99300.0,993.0
71W,26,20.6,111.4,99100.0,991.0
71W,26,21.400000000000002,110.9,98800.0,988.0
71W,26,21.7,111.0,98700.0,987.0
71W,26,22.900000000000002,110.60000000000001,98500.0,985.0
71W,27,11.5,128.8,100700.0,1007.0
71W,27,11.6,127.5,100600.0,1006.0
71W,27,11.200000000000001,128.1,100700.0,1007.0
71W,27,12.1,127.4,100400.0,1004.0
71W,27,12.4,126.7,100600.0,1006.0
71W,27,13.1,125.0,100300.0,1003.0
71W,27,13.5,123.7,100400.0,1004.0
71W,27,13.6,122.60000000000001,100300.0,1003.0
71W,27,13.5,121.7,100400.0,1004.0
71W,27,13.6,120.3,100200.0,1002.0
71W,27,13.200000000000001,120.2,100300.0,1003.0
71W,27,14.3,120.0,100100.0,1001.0
71W,27,14.8,119.3,100100.0,1001.0
71W,27,15.700000000000001,118.60000000000001,99800.0,998.0
71W,27,16.9,118.0,99900.0,999.0
71W,27,18.2,117.4,99700.0,997.0
71W,27,19.5,116.5,99500.0,995.0
71W,27,20.6,115.5,99100.0,991.0
71W,27,21.3,114.5,98800.0,988.0
71W,27,22.1,113.7,98000.0,980.0
71W,27,22.8,113.0,98100.0,981.0
71W,27,23.5,113.0,98600.0,986.0
71W,27,25.0,113.4,99300.0,993.0
71W,27,26.6,113.9,99300.0,993.0
71W,28,7.0,126.5,100800.0,1008.0
71W,28,7.2,129.7,100600.0,1006.0
71W,29,7.0,163.6,100800.0,1008.0
71W,29,8.1,163.8,100700.0,1007.0
71W,29,8.0,164.1,100900.0,1009.0
71W,29,7.3,164.1,100700.0,1007.0
71W,29,8.6,163.20000000000002,100800.0,1008.0
71W,29,7.9,163.4,100700.0,1007.0
71W,29,8.1,162.5,100800.0,1008.0
71W,29,7.9,162.20000000000002,100600.0,1006.0
71W,29,7.8,161.70000000000002,100700.0,1007.0
71W,29,7.4,161.5,100500.0,1005.0
71W,29,7.4,161.0,100700.0,1007.0
71W,29,7.6000000000000005,161.20000000000002,100600.0,1006.0
71W,29,8.0,160.8,100800.0,1008.0
71W,29,8.1,159.9,100500.0,1005.0
71W,29,8.4,159.8,100800.0,1008.0
71W,29,9.1,158.70000000000002,100800.0,1008.0
71W,29,9.0,158.20000000000002,100600.0,1006.0
71W,29,9.9,156.5,100600.0,1006.0
71W,29,9.1,156.8,100700.0,1007.0
71W,29,8.8,153.9,100800.0,1008.0
71W,30,8.5,173.6,100400.0,1004.0
71W,30,8.8,174.5,100300.0,1003.0
71W,30,8.8,174.5,100300.0,1003.0
71W,30,9.6,174.6,100100.0,1001.0
71W,30,10.0,174.20000000000002,99900.0,999.0
71W,30,10.4,173.8,99400.0,994.0
71W,30,10.3,173.3,99000.0,990.0
71W,30,10.5,173.1,98600.0,986.0
71W,30,10.700000000000001,173.1,98000.0,980.0
71W,30,10.8,173.3,97400.0,974.0
71W,30,11.0,173.3,97200.0,972.0
71W,30,11.4,173.6,96400.0,964.0
71W,30,11.700000000000001,173.9,96900.0,969.0
71W,30,12.1,174.5,97000.0,970.0
71W,30,12.5,174.9,97400.0,974.0
71W,30,12.9,175.4,97600.0,976.0
71W,30,13.3,175.8,97300.0,973.0
71W,30,13.6,176.20000000000002,97200.0,972.0
71W,30,13.3,176.4,97200.0,972.0
71W,30,13.1,176.8,97900.0,979.0
71W,30,13.3,177.1,98800.0,988.0
71W,30,13.4,177.4,99000.0,990.0
71W,30,13.5,177.6,99200.0,992.0
71W,30,13.8,178.20000000000002,99100.0,991.0
71W,31,32.3,133.8,100500.0,1005.0
71W,32,12.6,127.0,100700.0,1007.0
71W,32,12.8,126.0,100600.0,1006.0
71W,32,12.8,124.7,100600.0,1006.0
71W,32,12.6,124.3,100400.0,1004.0
71W,32,12.700000000000001,123.4,100600.0,1006.0
71W,32,13.0,122.8,100400.0,1004.0
71W,32,13.1,120.60000000000001,100500.0,1005.0
71W,32,13.3,120.4,100400.0,1004.0
71W,32,12.3,120.5,100400.0,1004.0
71W,32,12.9,119.2,100100.0,1001.0
71W,32,13.3,118.8,100100.0,1001.0
71W,32,14.0,117.7,99700.0,997.0
71W,32,14.3,117.10000000000001,99200.0,992.0
71W,32,15.0,116.2,98500.0,985.0
71W,32,15.5,115.8,97700.0,977.0
71W,32,16.2,115.10000000000001,96900.0,969.0
71W,32,17.1,114.2,96300.0,963.0
71W,32,18.0,113.4,96100.0,961.0
71W,32,18.7,112.5,96500.0,965.0
71W,32,19.5,111.7,96000.0,960.0
71W,32,20.400000000000002,111.0,95200.0,952.0
71W,32,21.400000000000002,110.3,95800.0,958.0
71W,32,22.1,109.60000000000001,97600.0,976.0
71W,32,23.0,109.10000000000001,98000.0,980.0
71W,33,12.4,126.2,100700.0,1007.0
71W,33,12.8,125.60000000000001,100600.0,1006.0
71W,33,13.200000000000001,124.8,100700.0,1007.0
71W,33,13.3,122.9,100500.0,1005.0
71W,33,13.200000000000001,122.2,100600.0,1006.0
71W,33,13.4,121.5,100500.0,1005.0
71W,33,13.700000000000001,120.4,100600.0,1006.0
71W,33,13.6,119.8,100400.0,1004.0
71W,33,13.6,119.3,100300.0,1003.0
71W,33,14.1,118.60000000000001,100200.0,1002.0
71W,33,14.3,118.3,100200.0,1002.0
71W,33,14.700000000000001,117.60000000000001,99900.0,999.0
71W,33,15.200000000000001,116.9,100000.0,1000.0
71W,33,15.9,116.3,99800.0,998.0
71W,33,16.6,115.8,99800.0,998.0
71W,33,17.400000000000002,114.8,99500.0,995.0
71W,33,18.400000000000002,114.0,99500.0,995.0
71W,33,19.2,113.2,99300.0,993.0
71W,33,19.900000000000002,112.5,99200.0,992.0
71W,33,20.6,112.10000000000001,99100.0,991.0
71W,33,21.400000000000002,111.8,99100.0,991.0
71W,33,22.1,111.60000000000001,99300.0,993.0
71W,33,23.0,111.7,99500.0,995.0
71W,33,24.0,112.0,99600.0,996.0
71W,34,7.4,163.9,100700.0,1007.0
71W,34,8.3,163.3,100500.0,1005.0
71W,34,8.3,163.9,100700.0,1007.0
71W,34,7.7,164.9,100500.0,1005.0
71W,34,8.2,165.20000000000002,100600.0,1006.0
71W,34,8.6,165.9,100400.0,1004.0
71W,34,8.8,166.20000000000002,100500.0,1005.0
71W,34,9.3,166.0,100300.0,1003.0
71W,34,9.4,165.9,100400.0,1004.0
71W,34,9.5,164.3,100400.0,1004.0
71W,34,9.9,163.8,100200.0,1002.0
71W,34,10.1,163.4,100400.0,1004.0
71W,34,11.8,160.9,100300.0,1003.0
71W,34,11.4,161.3,100200.0,1002.0
71W,34,11.200000000000001,161.70000000000002,100400.0,1004.0
71W,34,11.9,160.3,100200.0,1002.0
71W,34,11.9,158.8,100400.0,1004.0
71W,34,11.9,157.70000000000002,100100.0,1001.0
71W,34,11.9,157.1,100200.0,1002.0
71W,34,11.200000000000001,156.70000000000002,99900.0,999.0
71W,34,10.9,156.0,99900.0,999.0
71W,34,11.200000000000001,155.6,99300.0,993.0
71W,35,7.2,161.6,100800.0,1008.0
71W,35,7.9,164.3,100700.0,1007.0
71W,35,7.6000000000000005,163.9,100500.0,1005.0
71W,35,6.9,164.3,100600.0,1006.0
71W,35,6.9,165.1,100400.0,1004.0
71W,36,7.6000000000000005,162.8,100700.0,1007.0
71W,36,8.3,162.9,100600.0,1006.0
71W,36,8.4,162.9,100800.0,1008.0
71W,36,8.4,163.6,100500.0,1005.0
71W,36,8.6,164.3,100700.0,1007.0
71W,36,8.5,164.0,100400.0,1004.0
71W,36,8.4,164.3,100600.0,1006.0
71W,36,11.8,164.6,99700.0,997.0
71W,36,13.0,162.8,99800.0,998.0
71W,36,12.8,162.0,99500.0,995.0
71W,36,14.3,161.1,99700.0,997.0
71W,36,14.700000000000001,160.0,99300.0,993.0
71W,36,15.200000000000001,158.9,99200.0,992.0
71W,36,15.700000000000001,157.9,98900.0,989.0
71W,36,15.9,157.0,98900.0,989.0
71W,36,16.1,156.3,98500.0,985.0
71W,36,16.2,155.6,98400.0,984.0
71W,36,16.4,154.8,97700.0,977.0
71W,36,16.5,154.1,97500.0,975.0
71W,36,16.6,153.3,96600.0,966.0
71W,36,16.6,152.5,96300.0,963.0
71W,36,16.7,151.70000000000002,95600.0,956.0
71W,37,9.1,164.6,100700.0,1007.0
71W,37,9.5,163.1,100500.0,1005.0
71W,37,8.2,161.8,100700.0,1007.0
71W,37,8.9,161.70000000000002,100500.0,1005.0
71W,37,9.200000000000001,162.3,100700.0,1007.0
71W,37,8.4,162.70000000000002,100500.0,1005.0
71W,37,8.8,163.20000000000002,100700.0,1007.0
71W,37,7.8,162.20000000000002,100400.0,1004.0
71W,37,7.9,161.70000000000002,100600.0,1006.0
71W,37,10.9,161.3,100600.0,1006.0
71W,37,10.8,157.70000000000002,100400.0,1004.0
71W,37,9.700000000000001,156.70000000000002,100100.0,1001.0
71W,37,9.1,157.0,100100.0,1001.0
71W,37,8.700000000000001,156.8,99800.0,998.0
71W,37,8.8,157.20000000000002,100000.0,1000.0
71W,37,10.0,156.1,99900.0,999.0
71W,37,10.1,156.0,99900.0,999.0
71W,37,10.200000000000001,156.0,99200.0,992.0
71W,37,10.3,155.5,98900.0,989.0
71W,37,10.4,155.3,98500.0,985.0
71W,37,10.700000000000001,155.20000000000002,98800.0,988.0
71W,37,11.1,154.8,98700.0,987.0
71W,38,7.5,163.4,100800.0,1008.0
71W,38,6.7,164.3,100700.0,1007.0
71W,38,7.6000000000000005,164.6,100500.0,1005.0
71W,38,7.5,164.6,100600.0,1006.0
71W,39,10.5,129.4,100800.0,1008.0
71W,39,12.8,126.2,100700.0,1007.0
71W,39,13.0,124.8,100600.0,1006.0
71W,39,12.1,123.4,100500.0,1005.0
71W,39,12.8,122.60000000000001,100300.0,1003.0
71W,39,12.9,121.7,100300.0,1003.0
71W,39,12.9,120.3,100000.0,1000.0
71W,39,13.4,119.60000000000001,99800.0,998.0
71W,39,14.5,118.7,99500.0,995.0
71W,39,15.200000000000001,117.2,99300.0,993.0
71W,39,15.8,115.60000000000001,98900.0,989.0
71W,39,16.0,114.60000000000001,98600.0,986.0
71W,39,16.6,113.7,97800.0,978.0
71W,39,17.3,112.7,97700.0,977.0
71W,39,17.900000000000002,111.5,97400.0,974.0
71W,39,18.5,110.8,97200.0,972.0
71W,39,19.2,109.8,98200.0,982.0
71W,39,19.3,108.9,98500.0,985.0
71W,39,20.0,108.4,98100.0,981.0
71W,39,20.5,107.7,97200.0,972.0
71W,39,21.1,107.10000000000001,97600.0,976.0
71W,39,21.400000000000002,106.60000000000001,98400.0,984.0
71W,39,21.8,106.4,98800.0,988.0
71W,40,7.9,162.3,100500.0,1005.0
71W,40,7.4,162.4,100400.0,1004.0
71W,40,7.6000000000000005,163.4,100600.0,1006.0
71W,40,8.0,163.5,100400.0,1004.0
71W,40,8.5,163.1,100500.0,1005.0
71W,40,8.8,162.4,100300.0,1003.0
71W,40,9.0,161.70000000000002,100500.0,1005.0
71W,40,8.700000000000001,161.20000000000002,100300.0,1003.0
71W,40,8.6,160.9,100500.0,1005.0
71W,40,8.6,161.0,100300.0,1003.0
71W,40,8.9,160.6,100500.0,1005.0
71W,40,9.1,159.8,100300.0,1003.0
71W,40,10.0,159.1,100500.0,1005.0
71W,40,10.200000000000001,158.70000000000002,100200.0,1002.0
71W,40,10.5,157.4,100500.0,1005.0
71W,40,11.5,156.9,100300.0,1003.0
71W,40,11.3,156.0,100500.0,1005.0
71W,40,12.1,154.9,100300.0,1003.0
71W,40,12.8,154.3,100500.0,1005.0
71W,40,13.0,151.8,100400.0,1004.0
71W,40,12.9,151.6,100200.0,1002.0
71W,40,12.9,148.9,100400.0,1004.0
71W,40,11.700000000000001,148.4,100000.0,1000.0
71W,41,8.9,172.8,100700.0,1007.0
71W,41,9.5,171.4,100800.0,1008.0
71W,41,9.700000000000001,170.70000000000002,100600.0,1006.0
71W,42,13.9,127.5,100800.0,1008.0
71W,42,14.1,125.7,100700.0,1007.0
71W,42,14.3,123.3,100600.0,1006.0
71W,42,13.8,122.60000000000001,100700.0,1007.0
71W,42,13.700000000000001,122.60000000000001,100600.0,1006.0
71W,42,13.4,121.10000000000001,100600.0,1006.0
71W,42,13.700000000000001,120.10000000000001,100500.0,1005.0
71W,42,15.6,119.8,100500.0,1005.0
71W,42,14.5,118.60000000000001,100400.0,1004.0
71W,42,14.8,117.8,100400.0,1004.0
71W,42,15.5,117.0,100300.0,1003.0
71W,42,15.3,116.5,100200.0,1002.0
71W,42,15.3,116.0,99900.0,999.0
71W,42,15.4,115.5,99900.0,999.0
71W,42,15.700000000000001,115.5,99700.0,997.0
71W,42,16.7,115.5,99600.0,996.0
71W,42,17.900000000000002,114.4,99400.0,994.0
71W,42,18.1,113.3,99300.0,993.0
71W,42,18.5,112.60000000000001,99100.0,991.0
71W,42,19.6,112.10000000000001,99000.0,990.0
71W,42,20.5,111.2,99000.0,990.0
71W,42,20.900000000000002,110.5,99100.0,991.0
71W,42,21.7,109.60000000000001,99200.0,992.0
71W,43,1.3,169.8,100700.0,1007.0
71W,43,-1.3,170.70000000000002,100500.0,1005.0
71W,43,-0.9,169.5,100800.0,1008.0
71W,43,0.0,170.70000000000002,100600.0,1006.0
71W,43,-0.5,169.8,100800.0,1008.0
71W,44,8.3,173.6,100700.0,1007.0
71W,45,11.700000000000001,126.2,100700.0,1007.0
71W,45,13.0,127.4,100600.0,1006.0
71W,45,14.200000000000001,124.3,100500.0,1005.0
71W,45,13.8,123.7,100600.0,1006.0
71W,45,13.1,122.4,100500.0,1005.0
71W,45,13.200000000000001,120.3,100600.0,1006.0
71W,45,13.6,120.10000000000001,100500.0,1005.0
71W,45,15.200000000000001,118.4,100200.0,1002.0
71W,45,16.4,113.4,99400.0,994.0
71W,45,15.9,112.5,98900.0,989.0
71W,45,15.5,112.9,99000.0,990.0
71W,45,17.6,113.2,98900.0,989.0
71W,45,18.900000000000002,112.3,98700.0,987.0
71W,45,19.7,110.7,98600.0,986.0
71W,45,19.400000000000002,110.8,98300.0,983.0
71W,45,20.900000000000002,109.60000000000001,98400.0,984.0
71W,45,21.3,109.10000000000001,98200.0,982.0
71W,45,22.3,107.7,98400.0,984.0
71W,45,22.3,107.5,98700.0,987.0
71W,45,24.0,107.2,99000.0,990.0
71W,46,11.200000000000001,129.7,100800.0,1008.0
71W,46,13.1,124.4,100700.0,1007.0
71W,46,12.5,124.10000000000001,100600.0,1006.0
71W,46,12.1,123.60000000000001,100600.0,1006.0
71W,46,13.6,123.10000000000001,100500.0,1005.0
71W,46,13.1,120.5,100600.0,1006.0
71W,46,12.3,121.0,100400.0,1004.0
71W,46,12.4,120.0,100300.0,1003.0
71W,46,12.8,120.10000000000001,100100.0,1001.0
71W,46,13.1,120.0,100200.0,1002.0
71W,46,13.8,119.10000000000001,100100.0,1001.0
71W,46,14.3,118.7,99900.0,999.0
71W,46,15.200000000000001,118.0,99500.0,995.0
71W,46,16.2,117.5,99500.0,995.0
71W,46,17.1,116.5,99300.0,993.0
71W,46,18.1,115.3,99100.0,991.0
71W,46,19.2,114.5,98800.0,988.0
71W,46,20.0,113.7,98500.0,985.0
71W,46,20.900000000000002,112.7,97900.0,979.0
71W,46,21.8,112.0,98300.0,983.0
71W,46,22.7,111.5,98900.0,989.0
71W,46,23.400000000000002,111.3,99300.0,993.0
71W,46,24.3,111.0,99700.0,997.0
71W,47,12.3,127.2,100700.0,1007.0
71W,47,11.200000000000001,126.3,100600.0,1006.0
71W,47,12.6,125.8,100600.0,1006.0
71W,47,12.4,125.0,100400.0,1004.0
71W,47,11.700000000000001,123.8,100500.0,1005.0
71W,47,12.6,123.3,100500.0,1005.0
71W,47,13.1,122.10000000000001,100500.0,1005.0
71W,47,11.9,121.3,100400.0,1004.0
71W,47,12.4,120.7,100500.0,1005.0
71W,47,12.700000000000001,119.8,100300.0,1003.0
71W,47,12.5,119.2,100300.0,1003.0
71W,47,13.0,118.9,100000.0,1000.0
71W,47,13.4,118.3,99800.0,998.0
71W,47,13.6,117.3,99000.0,990.0
71W,47,13.8,116.7,97200.0,972.0
71W,47,14.200000000000001,116.0,96400.0,964.0
71W,47,14.700000000000001,115.7,95800.0,958.0
71W,47,15.700000000000001,115.0,95700.0,957.0
71W,47,16.7,114.3,95800.0,958.0
71W,47,17.6,113.4,95900.0,959.0
71W,47,18.6,112.5,95400.0,954.0
71W,47,19.5,111.5,95800.0,958.0
71W,47,19.7,111.10000000000001,96300.0,963.0
71W,47,20.400000000000002,111.0,96900.0,969.0
71W,48,9.3,173.9,100800.0,1008.0
71W,48,10.200000000000001,172.9,100600.0,1006.0
71W,48,11.200000000000001,172.1,100500.0,1005.0
71W,48,11.700000000000001,171.3,100400.0,1004.0
71W,48,11.8,170.70000000000002,100500.0,1005.0
71W,48,12.4,170.1,100400.0,1004.0
71W,48,12.9,168.8,100600.0,1006.0
71W,48,13.5,168.0,100400.0,1004.0
71W,48,14.0,166.3,100600.0,1006.0
71W,48,14.6,163.4,100700.0,1007.0
71W,48,14.5,162.20000000000002,100500.0,1005.0
71W,48,12.6,162.70000000000002,100800.0,1008.0
71W,48,13.3,158.6,100800.0,1008.0
71W,48,13.6,157.8,100600.0,1006.0
71W,48,14.5,156.70000000000002,100700.0,1007.0
71W,48,13.9,156.3,100600.0,1006.0
71W,48,14.5,156.20000000000002,100800.0,1008.0
71W,48,13.6,156.0,100600.0,1006.0
71W,49,11.200000000000001,128.9,100800.0,1008.0
71W,49,11.9,127.60000000000001,100600.0,1006.0
71W,49,12.1,126.5,100700.0,1007.0
71W,49,13.4,123.8,100400.0,1004.0
71W,49,13.6,122.60000000000001,100600.0,1006.0
71W,49,13.3,122.7,100400.0,1004.0
71W,49,13.700000000000001,122.60000000000001,100500.0,1005.0
71W,49,14.6,122.3,100400.0,1004.0
71W,49,15.0,121.7,100500.0,1005.0
71W,50,9.700000000000001,164.20000000000002,100400.0,1004.0
71W,50,8.1,163.8,100300.0,1003.0
71W,50,8.3,164.3,100500.0,1005.0
71W,50,8.1,164.1,100200.0,1002.0
71W,50,8.0,164.8,100200.0,1002.0
71W,50,8.8,165.0,99800.0,998.0
71W,50,8.8,164.6,99900.0,999.0
71W,50,9.8,165.0,99600.0,996.0
71W,50,10.200000000000001,164.4,99200.0,992.0
71W,50,10.700000000000001,164.1,98800.0,988.0
71W,50,11.9,163.5,98800.0,988.0
71W,50,12.4,162.70000000000002,98400.0,984.0
71W,50,13.200000000000001,161.9,98300.0,983.0
71W,50,13.9,161.0,97800.0,978.0
71W,50,14.6,160.0,97700.0,977.0
71W,50,15.1,159.0,97500.0,975.0
71W,50,15.6,157.8,97700.0,977.0
71W,50,15.700000000000001,157.0,97400.0,974.0
71W,50,16.3,156.0,97300.0,973.0
71W,50,16.2,154.8,97000.0,970.0
71W,50,16.6,153.70000000000002,97100.0,971.0
71W,50,16.9,153.0,96700.0,967.0
71W,50,16.9,152.1,96400.0,964.0
71W,50,16.6,151.0,95500.0,955.0
71W,51,8.8,173.6,100700.0,1007.0
71W,51,9.3,172.70000000000002,100600.0,1006.0
71W,51,9.5,171.8,100700.0,1007.0
71W,51,9.8,171.9,100500.0,1005.0
71W,51,10.5,171.1,100600.0,1006.0
71W,51,11.0,169.70000000000002,100400.0,1004.0
71W,51,11.4,168.3,100500.0,1005.0
71W,51,11.700000000000001,167.0,100300.0,1003.0
71W,51,11.9,165.6,100400.0,1004.0
71W,51,11.700000000000001,164.0,100100.0,1001.0
71W,51,11.6,163.0,100300.0,1003.0
71W,51,11.5,162.3,100100.0,1001.0
71W,51,11.9,161.4,100300.0,1003.0
71W,51,12.4,160.20000000000002,100100.0,1001.0
71W,51,12.3,159.3,100300.0,1003.0
71W,51,12.4,158.9,100000.0,1000.0
71W,51,13.1,158.1,100200.0,1002.0
71W,51,13.0,157.20000000000002,99900.0,999.0
71W,51,13.4,156.4,100100.0,1001.0
71W,51,13.200000000000001,155.8,99700.0,997.0
71W,51,13.1,154.9,99800.0,998.0
71W,51,13.6,154.3,99300.0,993.0
71W,51,13.3,153.9,99000.0,990.0
71W,51,13.3,153.1,98400.0,984.0
72W,1,11.3,127.3,100400.0,1004.0
72W,1,12.1,126.7,100200.0,1002.0
72W,1,12.4,125.5,100100.0,1001.0
72W,1,12.6,124.3,99000.0,990.0
72W,1,12.9,123.10000000000001,99700.0,997.0
72W,1,13.1,122.10000000000001,99600.0,996.0
72W,1,13.200000000000001,120.60000000000001,100100.0,1001.0
72W,1,13.1,119.7,99800.0,998.0
72W,1,13.200000000000001,119.10000000000001,99900.0,999.0
72W,1,13.5,118.5,99900.0,999.0
72W,1,13.6,117.9,100000.0,1000.0
72W,1,14.0,117.2,100000.0,1000.0
72W,1,14.1,116.8,100200.0,1002.0
72W,1,15.200000000000001,116.3,100000.0,1000.0
72W,1,16.1,116.0,100100.0,1001.0
72W,1,17.0,115.10000000000001,100000.0,1000.0
72W,1,17.8,114.3,99900.0,999.0
72W,1,18.3,113.3,99500.0,995.0
72W,1,18.8,112.60000000000001,98900.0,989.0
72W,1,19.7,111.5,98700.0,987.0
72W,1,20.1,110.7,97900.0,979.0
72W,1,20.400000000000002,110.0,98200.0,982.0
72W,1,20.900000000000002,109.8,98400.0,984.0
72W,1,21.3,109.3,97900.0,979.0
72W,2,16.0,113.3,100400.0,1004.0
72W,2,15.6,114.8,100200.0,1002.0
72W,2,15.9,115.0,99900.0,999.0
72W,2,16.6,113.60000000000001,99800.0,998.0
72W,2,16.2,113.4,99500.0,995.0
72W,2,16.4,114.2,98900.0,989.0
72W,2,17.3,113.4,98800.0,988.0
72W,2,17.8,113.4,98300.0,983.0
72W,2,17.6,112.7,97800.0,978.0
72W,2,18.0,112.10000000000001,97500.0,975.0
72W,2,18.5,111.9,97300.0,973.0
72W,2,19.0,111.3,96900.0,969.0
72W,2,19.7,110.8,96900.0,969.0
72W,2,19.7,110.10000000000001,96700.0,967.0
72W,2,20.0,109.60000000000001,96600.0,966.0
72W,2,20.7,108.9,96500.0,965.0
72W,4,8.4,173.3,100300.0,1003.0
72W,4,8.700000000000001,173.6,100200.0,1002.0
72W,4,8.8,173.4,100400.0,1004.0
72W,4,9.6,173.3,100300.0,1003.0
72W,4,10.0,171.9,100400.0,1004.0
72W,4,9.8,171.20000000000002,100200.0,1002.0
72W,4,10.4,170.5,100300.0,1003.0
72W,4,10.8,170.0,100100.0,1001.0
72W,4,11.4,169.1,100200.0,1002.0
72W,4,12.1,168.1,100100.0,1001.0
72W,4,12.4,166.9,100300.0,1003.0
72W,4,13.1,166.0,100200.0,1002.0
72W,4,13.3,164.9,100400.0,1004.0
72W,4,13.5,164.1,100200.0,1002.0
72W,4,13.8,163.1,100400.0,1004.0
72W,4,14.4,162.5,100200.0,1002.0
72W,4,14.5,162.1,100300.0,1003.0
72W,4,14.8,161.5,100200.0,1002.0
72W,4,15.0,160.9,100400.0,1004.0
72W,4,15.6,160.4,100200.0,1002.0
72W,4,15.700000000000001,159.6,100300.0,1003.0
72W,4,16.3,158.9,100200.0,1002.0
72W,4,16.6,158.20000000000002,100400.0,1004.0
72W,4,16.9,157.5,100100.0,1001.0
72W,5,15.200000000000001,118.10000000000001,99500.0,995.0
72W,5,15.5,117.3,99000.0,990.0
72W,5,15.9,117.0,98000.0,980.0
72W,5,16.8,115.8,97800.0,978.0
72W,5,17.2,114.5,96600.0,966.0
72W,5,17.8,113.9,96800.0,968.0
72W,5,18.5,113.4,96700.0,967.0
72W,5,19.5,113.2,97300.0,973.0
72W,5,20.6,112.7,97300.0,973.0
72W,5,21.6,112.3,97600.0,976.0
72W,5,22.7,112.10000000000001,98300.0,983.0
72W,5,23.400000000000002,111.60000000000001,98700.0,987.0
72W,5,24.5,111.8,98900.0,989.0
72W,5,26.3,112.0,98900.0,989.0
72W,5,28.0,112.9,99100.0,991.0
72W,5,29.7,115.10000000000001,99200.0,992.0
72W,5,32.0,116.10000000000001,98900.0,989.0
72W,6,10.5,130.5,100700.0,1007.0
72W,6,11.8,129.7,100600.0,1006.0
72W,6,13.1,126.8,100700.0,1007.0
72W,6,13.700000000000001,124.8,100400.0,1004.0
72W,6,14.3,123.8,100500.0,1005.0
72W,6,13.8,124.5,100300.0,1003.0
72W,6,14.3,123.0,100400.0,1004.0
72W,6,15.0,122.2,100200.0,1002.0
72W,6,15.9,121.7,100200.0,1002.0
72W,6,17.900000000000002,120.4,100000.0,1000.0
72W,6,19.2,115.4,99900.0,999.0
72W,7,9.700000000000001,171.70000000000002,100700.0,1007.0
72W,7,10.5,173.3,100700.0,1007.0
72W,7,10.700000000000001,171.6,100500.0,1005.0
72W,7,10.5,170.70000000000002,100600.0,1006.0
72W,7,10.5,169.70000000000002,100500.0,1005.0
72W,7,11.0,169.0,100600.0,1006.0
72W,7,12.4,167.70000000000002,100400.0,1004.0
72W,7,12.700000000000001,166.5,100500.0,1005.0
72W,7,13.700000000000001,164.9,100300.0,1003.0
72W,7,14.0,163.20000000000002,100500.0,1005.0
72W,7,14.9,161.4,100300.0,1003.0
72W,7,14.9,158.8,100600.0,1006.0
72W,7,14.1,154.6,100700.0,1007.0
72W,7,13.8,152.70000000000002,100500.0,1005.0
72W,7,13.200000000000001,151.4,100500.0,1005.0
72W,7,12.3,150.3,100300.0,1003.0
72W,7,11.5,149.3,100500.0,1005.0
72W,7,10.700000000000001,148.70000000000002,100300.0,1003.0
72W,7,9.4,148.4,100300.0,1003.0
72W,8,10.5,129.5,100800.0,1008.0
72W,8,11.200000000000001,127.3,100600.0,1006.0
72W,8,12.8,127.4,100700.0,1007.0
72W,8,13.3,125.5,100600.0,1006.0
72W,8,13.6,124.8,100600.0,1006.0
72W,8,13.4,123.8,100500.0,1005.0
72W,8,13.1,122.0,100600.0,1006.0
72W,8,13.4,121.5,100500.0,1005.0
72W,8,13.700000000000001,120.10000000000001,100400.0,1004.0
72W,8,13.9,119.60000000000001,100300.0,1003.0
72W,8,14.3,118.5,100400.0,1004.0
72W,8,14.5,117.60000000000001,100400.0,1004.0
72W,8,14.8,116.7,100500.0,1005.0
72W,8,15.6,116.60000000000001,100300.0,1003.0
72W,8,16.3,115.60000000000001,100400.0,1004.0
72W,8,17.5,115.10000000000001,100400.0,1004.0
72W,8,18.5,114.3,100500.0,1005.0
72W,8,19.3,113.10000000000001,100300.0,1003.0
72W,8,20.1,111.7,100300.0,1003.0
72W,8,20.900000000000002,110.5,100200.0,1002.0
72W,8,21.1,110.3,100300.0,1003.0
72W,10,11.1,127.2,100600.0,1006.0
72W,10,11.0,127.60000000000001,100400.0,1004.0
72W,10,11.9,125.9,100300.0,1003.0
72W,10,12.5,125.2,99900.0,999.0
72W,10,12.3,123.8,99700.0,997.0
72W,10,12.1,122.7,98900.0,989.0
72W,10,12.200000000000001,121.7,98400.0,984.0
72W,10,12.4,121.0,97900.0,979.0
72W,10,12.8,120.4,97600.0,976.0
72W,10,13.5,120.0,97400.0,974.0
72W,10,14.1,119.10000000000001,96200.0,962.0
72W,10,14.8,118.4,95300.0,953.0
72W,10,15.700000000000001,117.60000000000001,95200.0,952.0
72W,10,16.9,116.5,95200.0,952.0
72W,10,17.8,115.2,95700.0,957.0
72W,10,18.5,114.0,95400.0,954.0
72W,10,19.5,113.2,94900.0,949.0
72W,10,20.3,112.2,95500.0,955.0
72W,10,21.3,111.0,96500.0,965.0
72W,10,22.0,109.8,97700.0,977.0
72W,10,22.3,108.7,98400.0,984.0
72W,10,22.400000000000002,108.0,98600.0,986.0
72W,10,22.6,107.5,98900.0,989.0
72W,10,22.6,107.0,99000.0,990.0
72W,12,8.700000000000001,173.4,100700.0,1007.0
72W,12,9.9,170.20000000000002,100700.0,1007.0
72W,12,9.8,169.70000000000002,100700.0,1007.0
72W,12,10.9,168.8,100600.0,1006.0
72W,13,19.7,112.4,99700.0,997.0
72W,13,21.0,110.8,99800.0,998.0
72W,14,8.0,163.20000000000002,100600.0,1006.0
72W,14,9.1,163.5,100400.0,1004.0
72W,14,8.4,164.1,100500.0,1005.0
72W,14,8.8,163.70000000000002,100300.0,1003.0
72W,14,8.8,162.6,100400.0,1004.0
72W,14,8.1,162.20000000000002,100100.0,1001.0
72W,14,7.4,162.20000000000002,100300.0,1003.0
72W,14,6.9,162.6,100100.0,1001.0
72W,14,6.7,163.4,100200.0,1002.0
72W,14,7.0,163.9,100000.0,1000.0
72W,14,7.3,164.3,100200.0,1002.0
72W,14,8.0,164.8,99900.0,999.0
72W,14,9.4,164.8,100100.0,1001.0
72W,15,8.9,172.5,100600.0,1006.0
72W,15,8.4,172.6,100400.0,1004.0
72W,15,8.8,172.5,100500.0,1005.0
72W,15,9.0,172.6,100200.0,1002.0
72W,15,9.5,171.70000000000002,100300.0,1003.0
72W,15,9.9,171.4,100200.0,1002.0
72W,15,10.9,170.5,100300.0,1003.0
72W,15,11.4,169.4,100000.0,1000.0
72W,15,11.700000000000001,168.3,100100.0,1001.0
72W,15,12.1,166.70000000000002,99900.0,999.0
72W,15,12.0,165.20000000000002,100100.0,1001.0
72W,15,11.6,164.6,100000.0,1000.0
72W,15,11.700000000000001,164.3,100200.0,1002.0
72W,15,12.3,163.8,100000.0,1000.0
72W,15,12.700000000000001,163.3,100300.0,1003.0
72W,15,13.0,162.4,100000.0,1000.0
72W,15,13.1,161.8,100100.0,1001.0
72W,15,13.5,161.20000000000002,99800.0,998.0
72W,15,13.4,160.8,99800.0,998.0
72W,15,13.700000000000001,160.4,99400.0,994.0
72W,15,13.8,159.8,99500.0,995.0
72W,15,14.0,159.20000000000002,99200.0,992.0
72W,15,14.0,158.70000000000002,99100.0,991.0
72W,15,14.5,157.9,98800.0,988.0
72W,16,10.0,171.70000000000002,100800.0,1008.0
72W,16,9.8,170.20000000000002,100700.0,1007.0
72W,16,9.9,170.70000000000002,100800.0,1008.0
72W,16,10.3,169.3,100600.0,1006.0
72W,16,10.9,168.4,100600.0,1006.0
72W,17,8.4,164.70000000000002,100600.0,1006.0
72W,17,8.6,164.8,100600.0,1006.0
72W,17,8.9,162.5,100800.0,1008.0
72W,17,8.4,163.20000000000002,100600.0,1006.0
72W,17,7.9,163.70000000000002,100400.0,1004.0
72W,17,7.7,164.3,100400.0,1004.0
72W,17,7.5,164.0,100400.0,1004.0
72W,17,7.6000000000000005,164.5,100100.0,1001.0
72W,18,11.6,130.2,100700.0,1007.0
72W,18,11.4,128.1,100500.0,1005.0
72W,18,11.4,127.4,100000.0,1000.0
72W,18,11.9,126.7,99900.0,999.0
72W,18,12.5,125.4,99600.0,996.0
72W,18,13.0,124.5,99300.0,993.0
72W,18,13.1,123.60000000000001,99500.0,995.0
72W,18,13.6,122.9,99500.0,995.0
72W,18,14.1,122.2,99800.0,998.0
72W,18,15.1,121.5,99800.0,998.0
72W,18,17.2,119.8,99900.0,999.0
72W,18,17.7,118.0,99700.0,997.0
72W,18,18.6,116.5,99600.0,996.0
72W,18,18.400000000000002,115.10000000000001,99500.0,995.0
72W,18,17.8,114.7,99400.0,994.0
72W,18,17.8,114.7,98700.0,987.0
72W,18,18.7,115.3,98700.0,987.0
72W,18,20.1,114.8,98600.0,986.0
72W,18,20.8,114.3,98700.0,987.0
72W,18,21.900000000000002,113.60000000000001,98600.0,986.0
72W,18,22.900000000000002,112.7,98700.0,987.0
72W,18,23.0,113.10000000000001,98700.0,987.0
72W,18,25.400000000000002,113.10000000000001,99100.0,991.0
72W,18,27.6,113.4,98900.0,989.0
72W,19,33.5,136.8,100500.0,1005.0
72W,19,34.1,139.8,100300.0,1003.0
72W,19,33.8,140.5,100300.0,1003.0
72W,19,33.4,142.70000000000002,100200.0,1002.0
72W,19,33.9,145.1,100200.0,1002.0
72W,19,33.9,147.0,100100.0,1001.0
72W,19,33.7,148.3,100300.0,1003.0
72W,21,8.5,174.20000000000002,100600.0,1006.0
72W,21,9.1,174.20000000000002,100700.0,1007.0
72W,21,9.3,174.3,100500.0,1005.0
72W,21,9.6,173.3,100600.0,1006.0
72W,21,9.9,172.70000000000002,100400.0,1004.0
72W,21,10.5,171.8,100200.0,1002.0
72W,21,10.9,171.4,100100.0,1001.0
72W,21,11.700000000000001,170.5,100000.0,1000.0
72W,21,12.200000000000001,169.3,99800.0,998.0
72W,21,12.6,167.9,100100.0,1001.0
72W,21,12.6,166.20000000000002,99900.0,999.0
72W,21,12.8,164.0,100200.0,1002.0
72W,21,12.9,162.0,100100.0,1001.0
72W,23,13.200000000000001,125.7,100600.0,1006.0
72W,23,13.6,123.8,100300.0,1003.0
72W,23,13.700000000000001,122.60000000000001,100400.0,1004.0
72W,23,13.700000000000001,121.9,100200.0,1002.0
72W,23,14.3,119.3,100300.0,1003.0
72W,23,15.0,117.7,100400.0,1004.0
72W,23,14.8,117.5,100200.0,1002.0
72W,23,15.3,116.7,100200.0,1002.0
72W,23,15.3,115.5,100200.0,1002.0
72W,23,15.5,114.8,100200.0,1002.0
72W,23,15.6,114.0,100200.0,1002.0
72W,23,15.6,113.8,100100.0,1001.0
72W,23,15.4,113.60000000000001,100000.0,1000.0
72W,23,16.3,114.0,99900.0,999.0
72W,23,17.6,113.5,99900.0,999.0
72W,23,18.400000000000002,112.9,99600.0,996.0
72W,23,19.3,112.5,99600.0,996.0
72W,23,20.6,112.2,99500.0,995.0
72W,23,21.6,111.60000000000001,99500.0,995.0
72W,23,22.6,111.5,99500.0,995.0
72W,23,23.5,111.2,99600.0,996.0
72W,23,25.5,111.5,99600.0,996.0
72W,24,11.200000000000001,128.1,100700.0,1007.0
72W,24,11.9,127.4,100600.0,1006.0
72W,24,11.0,126.3,100600.0,1006.0
72W,24,12.8,125.0,100600.0,1006.0
72W,24,12.6,123.7,100400.0,1004.0
72W,24,13.4,120.3,100500.0,1005.0
72W,24,13.5,120.2,100500.0,1005.0
72W,24,13.6,120.2,100500.0,1005.0
72W,24,14.8,118.60000000000001,100700.0,1007.0
72W,25,12.8,125.9,100700.0,1007.0
72W,25,13.200000000000001,124.60000000000001,100500.0,1005.0
72W,25,13.6,123.7,100400.0,1004.0
72W,25,13.8,122.9,100400.0,1004.0
72W,25,14.5,120.7,100500.0,1005.0
72W,25,15.3,118.5,100600.0,1006.0
72W,25,15.3,117.4,100500.0,1005.0
72W,25,16.5,117.2,100600.0,1006.0
72W,25,16.4,117.2,100500.0,1005.0
72W,25,17.1,116.4,100500.0,1005.0
72W,25,18.2,115.8,100500.0,1005.0
72W,25,18.7,114.7,100400.0,1004.0
72W,25,19.3,114.0,100200.0,1002.0
72W,25,19.8,112.9,100200.0,1002.0
72W,25,20.2,113.3,100100.0,1001.0
72W,25,21.0,113.10000000000001,100100.0,1001.0
72W,25,22.1,112.7,99900.0,999.0
72W,25,22.900000000000002,112.5,100100.0,1001.0
72W,25,24.0,112.10000000000001,100100.0,1001.0
72W,27,7.8,171.4,100500.0,1005.0
72W,27,8.700000000000001,172.5,100300.0,1003.0
72W,27,9.5,171.8,100400.0,1004.0
72W,27,9.9,171.4,100100.0,1001.0
72W,27,10.700000000000001,170.70000000000002,99400.0,994.0
72W,27,11.1,169.8,99100.0,991.0
72W,27,11.5,168.9,98400.0,984.0
72W,27,12.0,168.0,97900.0,979.0
72W,27,12.6,167.1,98400.0,984.0
72W,27,12.9,165.9,98500.0,985.0
72W,27,12.8,164.3,99700.0,997.0
72W,27,12.4,164.3,99200.0,992.0
72W,27,12.4,163.0,98200.0,982.0
72W,27,13.0,162.9,98600.0,986.0
72W,27,13.5,162.0,97600.0,976.0
72W,27,14.3,161.20000000000002,97700.0,977.0
72W,27,14.5,160.5,96900.0,969.0
72W,27,15.200000000000001,160.1,97000.0,970.0
72W,27,15.8,159.1,95500.0,955.0
72W,27,16.5,158.3,94700.0,947.0
72W,27,17.1,157.5,94500.0,945.0
72W,27,17.7,156.5,94400.0,944.0
72W,27,18.3,155.3,93000.0,930.0
72W,29,0.6,173.8,100700.0,1007.0
72W,29,0.1,173.6,100500.0,1005.0
72W,30,12.6,128.1,100700.0,1007.0
72W,30,12.700000000000001,126.0,100600.0,1006.0
72W,30,13.0,124.8,100400.0,1004.0
72W,30,13.200000000000001,124.2,100200.0,1002.0
72W,30,13.700000000000001,122.7,100100.0,1001.0
72W,30,13.6,121.9,100100.0,1001.0
72W,30,13.9,119.8,100100.0,1001.0
72W,30,14.5,119.10000000000001,99300.0,993.0
72W,30,15.1,118.0,98700.0,987.0
72W,30,15.700000000000001,116.9,98900.0,989.0
72W,30,16.4,115.7,98900.0,989.0
72W,30,16.6,114.9,98600.0,986.0
72W,30,17.0,114.2,98300.0,983.0
72W,30,17.2,113.5,97700.0,977.0
72W,30,17.900000000000002,112.9,97000.0,970.0
72W,30,18.7,112.5,96500.0,965.0
72W,30,19.5,111.8,96200.0,962.0
72W,30,20.2,110.9,96300.0,963.0
72W,30,20.7,110.10000000000001,96600.0,966.0
72W,30,21.2,109.60000000000001,97100.0,971.0
72W,30,21.8,109.10000000000001,97800.0,978.0
72W,30,22.3,108.4,98500.0,985.0
72W,30,22.7,108.2,98500.0,985.0
72W,31,6.9,164.6,100700.0,1007.0
72W,31,7.6000000000000005,164.5,100600.0,1006.0
72W,31,8.6,163.4,100800.0,1008.0
72W,31,7.9,164.1,100600.0,1006.0
72W,31,7.9,162.4,100700.0,1007.0
72W,31,6.9,162.8,100300.0,1003.0
72W,31,7.0,163.6,100500.0,1005.0
72W,31,6.9,164.4,100400.0,1004.0
72W,31,6.2,164.6,100400.0,1004.0
72W,31,6.9,165.4,100200.0,1002.0
72W,31,7.4,165.3,100400.0,1004.0
72W,31,8.4,165.0,100200.0,1002.0
72W,31,11.1,162.6,99900.0,999.0
72W,31,10.5,161.9,99800.0,998.0
72W,31,10.9,161.3,100100.0,1001.0
72W,31,11.700000000000001,160.0,99800.0,998.0
72W,31,11.700000000000001,159.8,99900.0,999.0
72W,31,12.1,158.9,99400.0,994.0
72W,31,12.8,158.0,99400.0,994.0
72W,31,12.6,157.20000000000002,98700.0,987.0
72W,31,13.5,156.6,98600.0,986.0
72W,31,13.4,155.8,98000.0,980.0
72W,31,13.700000000000001,154.9,97400.0,974.0
72W,31,14.0,153.9,96800.0,968.0
72W,32,9.5,164.3,100700.0,1007.0
72W,32,8.1,163.9,100500.0,1005.0
72W,32,7.4,163.4,100600.0,1006.0
72W,32,7.1000000000000005,166.0,100400.0,1004.0
72W,32,8.2,166.4,100100.0,1001.0
72W,32,8.1,166.3,100300.0,1003.0
72W,34,8.6,173.70000000000002,100700.0,1007.0
72W,34,8.9,173.3,100500.0,1005.0
72W,34,9.6,172.8,100600.0,1006.0
72W,34,9.6,172.3,100200.0,1002.0
72W,34,9.8,172.1,100200.0,1002.0
72W,34,9.8,171.70000000000002,100000.0,1000.0
72W,34,10.3,171.20000000000002,100100.0,1001.0
72W,34,11.1,170.70000000000002,99900.0,999.0
72W,34,12.0,169.6,100100.0,1001.0
72W,34,12.9,168.0,100100.0,1001.0
72W,34,13.200000000000001,165.9,100400.0,1004.0
72W,35,10.5,168.6,100700.0,1007.0
72W,35,10.5,167.1,100500.0,1005.0
72W,35,10.5,164.3,100300.0,1003.0
72W,35,10.5,163.70000000000002,100500.0,1005.0
72W,35,10.9,163.1,100300.0,1003.0
72W,35,10.9,161.5,100500.0,1005.0
72W,35,11.9,161.5,100300.0,1003.0
72W,35,12.8,159.9,100500.0,1005.0
72W,35,12.4,158.4,100200.0,1002.0
72W,35,12.6,158.5,100300.0,1003.0
72W,35,12.8,157.6,100100.0,1001.0
72W,35,13.3,156.5,100300.0,1003.0
72W,35,13.5,156.3,100000.0,1000.0
72W,35,13.6,155.8,100100.0,1001.0
72W,35,14.4,154.8,99700.0,997.0
72W,35,14.3,154.3,99400.0,994.0
72W,35,14.9,153.6,98800.0,988.0
72W,36,10.700000000000001,168.3,100600.0,1006.0
72W,36,10.700000000000001,167.4,100800.0,1008.0
72W,36,10.6,166.70000000000002,100600.0,1006.0
72W,36,12.1,168.1,100500.0,1005.0
72W,36,12.8,167.20000000000002,100600.0,1006.0
72W,36,13.3,165.1,100400.0,1004.0
72W,36,13.0,163.1,100400.0,1004.0
72W,37,8.2,173.9,100800.0,1008.0
72W,37,8.0,172.0,100600.0,1006.0
72W,37,9.3,171.70000000000002,100800.0,1008.0
72W,37,9.5,170.3,100600.0,1006.0
72W,37,9.3,169.5,100700.0,1007.0
72W,37,9.700000000000001,169.20000000000002,100500.0,1005.0
72W,37,10.0,168.3,100700.0,1007.0
72W,37,10.700000000000001,165.20000000000002,100600.0,1006.0
72W,37,9.3,161.20000000000002,100600.0,1006.0
72W,37,8.4,162.20000000000002,100400.0,1004.0
72W,37,11.700000000000001,164.8,100600.0,1006.0
72W,38,9.3,170.70000000000002,100800.0,1008.0
72W,38,8.6,170.20000000000002,100500.0,1005.0
72W,38,9.9,169.4,100700.0,1007.0
72W,38,9.5,168.6,100500.0,1005.0
72W,38,10.200000000000001,168.0,100700.0,1007.0
72W,38,10.8,165.5,100500.0,1005.0
72W,38,11.0,163.9,100600.0,1006.0
72W,38,11.200000000000001,162.0,100600.0,1006.0
72W,38,9.8,160.0,100400.0,1004.0
72W,38,9.8,159.70000000000002,100700.0,1007.0
72W,40,9.9,172.1,100700.0,1007.0
72W,40,10.200000000000001,171.70000000000002,100600.0,1006.0
72W,40,10.9,171.3,100800.0,1008.0
72W,40,10.700000000000001,169.5,100600.0,1006.0
72W,40,11.9,169.4,100700.0,1007.0
72W,40,11.0,168.1,100500.0,1005.0
72W,40,12.0,166.5,100800.0,1008.0
72W,40,11.0,166.0,100600.0,1006.0
72W,41,11.9,155.9,100800.0,1008.0
72W,41,12.1,153.5,100500.0,1005.0
72W,41,12.3,152.5,100800.0,1008.0
72W,41,12.4,152.0,100500.0,1005.0
72W,41,12.6,149.6,100600.0,1006.0
72W,41,12.1,149.20000000000002,100400.0,1004.0
72W,41,13.1,147.8,100500.0,1005.0
72W,41,12.4,146.6,100200.0,1002.0
72W,42,9.700000000000001,164.5,100700.0,1007.0
72W,42,8.4,163.5,100600.0,1006.0
72W,42,8.3,163.20000000000002,100800.0,1008.0
72W,42,7.9,163.4,100600.0,1006.0
72W,42,7.9,163.3,100700.0,1007.0
72W,42,6.8,162.9,100500.0,1005.0
72W,42,7.5,163.20000000000002,100800.0,1008.0
72W,42,6.3,163.0,100700.0,1007.0
72W,42,6.7,161.6,100500.0,1005.0
72W,42,6.1000000000000005,161.5,100800.0,1008.0
72W,42,5.7,161.70000000000002,100600.0,1006.0
72W,42,6.4,161.0,100800.0,1008.0
72W,42,6.8,159.6,100600.0,1006.0
72W,42,6.4,159.5,100800.0,1008.0
72W,42,7.0,158.70000000000002,100600.0,1006.0
72W,43,8.4,172.8,100700.0,1007.0
72W,43,9.200000000000001,172.6,100500.0,1005.0
72W,43,9.5,171.70000000000002,100700.0,1007.0
72W,43,10.1,171.4,100400.0,1004.0
72W,43,10.4,170.70000000000002,100300.0,1003.0
72W,43,10.700000000000001,169.70000000000002,100200.0,1002.0
72W,43,11.5,168.1,100200.0,1002.0
72W,43,11.0,165.70000000000002,99500.0,995.0
72W,43,12.1,163.8,99200.0,992.0
72W,43,12.6,163.20000000000002,99100.0,991.0
72W,43,13.3,162.5,98800.0,988.0
72W,43,14.3,162.1,98300.0,983.0
72W,43,15.1,161.6,97200.0,972.0
72W,43,15.8,160.8,96600.0,966.0
72W,43,16.6,160.1,95600.0,956.0
72W,43,17.1,159.5,95300.0,953.0
72W,43,17.5,158.5,94500.0,945.0
72W,43,17.8,157.6,94700.0,947.0
72W,43,18.2,156.6,94000.0,940.0
72W,43,18.3,155.6,93900.0,939.0
72W,43,18.6,154.6,93400.0,934.0
72W,44,6.4,162.4,100600.0,1006.0
72W,44,7.2,161.70000000000002,100600.0,1006.0
72W,44,8.1,163.0,100700.0,1007.0
72W,44,8.1,163.70000000000002,100500.0,1005.0
72W,44,8.700000000000001,163.3,100600.0,1006.0
72W,44,8.6,163.6,100400.0,1004.0
72W,44,9.3,163.5,100600.0,1006.0
72W,44,8.1,163.1,100400.0,1004.0
72W,44,9.8,162.70000000000002,100600.0,1006.0
72W,44,9.700000000000001,162.20000000000002,100400.0,1004.0
72W,44,9.3,162.3,100600.0,1006.0
72W,44,10.0,161.20000000000002,100400.0,1004.0
72W,44,10.8,160.5,100700.0,1007.0
72W,44,11.4,159.9,100500.0,1005.0
72W,44,12.1,158.8,100700.0,1007.0
72W,44,13.700000000000001,157.20000000000002,100500.0,1005.0
72W,44,14.3,155.9,100700.0,1007.0
72W,44,14.700000000000001,154.9,100500.0,1005.0
72W,44,15.0,153.70000000000002,100700.0,1007.0
72W,44,15.3,152.20000000000002,100500.0,1005.0
72W,44,14.6,150.9,100700.0,1007.0
72W,44,14.5,149.70000000000002,100500.0,1005.0
72W,44,14.6,150.1,100700.0,1007.0
72W,44,14.6,148.8,100400.0,1004.0
72W,45,9.4,162.9,100600.0,1006.0
72W,45,8.4,162.4,100500.0,1005.0
72W,45,7.2,162.70000000000002,100500.0,1005.0
72W,45,6.9,162.8,100600.0,1006.0
72W,45,7.1000000000000005,163.5,100300.0,1003.0
72W,45,6.7,163.8,100400.0,1004.0
72W,45,7.2,163.8,100200.0,1002.0
72W,45,6.9,164.3,100400.0,1004.0
72W,45,7.6000000000000005,164.1,100200.0,1002.0
72W,45,8.1,163.8,100400.0,1004.0
72W,45,8.4,162.9,100200.0,1002.0
72W,45,8.8,162.4,100400.0,1004.0
72W,45,9.5,162.20000000000002,100200.0,1002.0
72W,45,10.200000000000001,161.5,100500.0,1005.0
72W,45,10.8,160.1,100300.0,1003.0
72W,45,11.700000000000001,159.1,100400.0,1004.0
72W,45,12.3,157.70000000000002,100200.0,1002.0
72W,45,12.5,156.4,100400.0,1004.0
72W,45,12.4,154.8,100100.0,1001.0
72W,45,12.6,153.4,100300.0,1003.0
72W,45,12.1,152.20000000000002,100000.0,1000.0
72W,45,11.9,151.3,100200.0,1002.0
72W,45,11.8,150.70000000000002,100000.0,1000.0
72W,46,10.6,163.3,100300.0,1003.0
72W,46,11.4,163.8,100400.0,1004.0
72W,46,11.3,163.1,100200.0,1002.0
72W,46,11.9,162.5,100400.0,1004.0
72W,46,13.6,161.3,100200.0,1002.0
72W,46,14.4,160.0,100400.0,1004.0
72W,46,14.6,159.3,100300.0,1003.0
72W,46,15.3,157.9,100500.0,1005.0
72W,46,15.9,157.5,100300.0,1003.0
72W,46,16.7,156.1,100400.0,1004.0
72W,46,16.7,154.8,100200.0,1002.0
72W,46,17.0,154.0,100300.0,1003.0
72W,46,17.2,153.0,99900.0,999.0
72W,46,17.1,152.20000000000002,99700.0,997.0
72W,46,17.8,150.5,99100.0,991.0
72W,46,17.6,150.0,98600.0,986.0
72W,46,17.900000000000002,149.0,97900.0,979.0
72W,49,17.1,115.9,99900.0,999.0
72W,49,20.6,115.7,100000.0,1000.0
72W,49,19.900000000000002,114.10000000000001,100100.0,1001.0
72W,49,22.0,113.9,99800.0,998.0
72W,49,22.8,112.5,99900.0,999.0
72W,49,23.6,111.7,99900.0,999.0
72W,49,23.5,111.2,100000.0,1000.0
72W,49,23.7,111.0,99900.0,999.0
72W,49,23.6,111.7,100000.0,1000.0
73W,1,0.6,175.4,100700.0,1007.0
73W,1,0.6,174.70000000000002,100600.0,1006.0
73W,1,-1.7,172.0,100600.0,1006.0
73W,6,1.8,173.6,100800.0,1008.0
73W,6,0.8,173.6,100700.0,1007.0
73W,6,-1.4000000000000001,172.70000000000002,100500.0,1005.0
73W,6,-1.3,173.1,100700.0,1007.0
73W,6,-0.2,174.70000000000002,100900.0,1009.0
73W,6,-1.7,174.0,100800.0,1008.0
73W,6,0.0,174.3,100800.0,1008.0
73W,8,14.5,160.3,100700.0,1007.0
73W,8,14.3,162.4,100500.0,1005.0
73W,10,15.8,103.9,100200.0,1002.0
73W,10,15.700000000000001,106.3,100000.0,1000.0
73W,10,13.700000000000001,109.7,99900.0,999.0
73W,10,14.6,111.3,99500.0,995.0
73W,10,15.9,112.5,98900.0,989.0
73W,10,18.6,112.8,98900.0,989.0
73W,10,20.6,112.7,98800.0,988.0
73W,15,11.4,127.10000000000001,100700.0,1007.0
73W,15,13.3,124.10000000000001,100600.0,1006.0
73W,15,13.700000000000001,121.9,100500.0,1005.0
73W,15,13.0,120.4,100600.0,1006.0
73W,15,13.200000000000001,120.10000000000001,100400.0,1004.0
73W,15,13.200000000000001,119.60000000000001,100300.0,1003.0
73W,15,13.700000000000001,119.10000000000001,100100.0,1001.0
73W,15,14.0,118.60000000000001,100100.0,1001.0
73W,15,14.4,117.8,100000.0,1000.0
73W,15,15.0,117.3,99900.0,999.0
73W,15,15.9,116.7,99800.0,998.0
73W,15,16.7,115.8,99900.0,999.0
73W,15,17.5,114.8,99800.0,998.0
73W,15,18.5,114.4,99900.0,999.0
73W,15,19.7,113.3,99800.0,998.0
73W,15,20.400000000000002,112.0,99700.0,997.0
73W,15,21.1,111.0,99700.0,997.0
73W,15,22.1,110.2,100000.0,1000.0
73W,15,23.5,109.60000000000001,100000.0,1000.0
73W,15,24.400000000000002,108.9,100100.0,1001.0
73W,15,25.900000000000002,108.8,100300.0,1003.0
73W,16,32.3,125.9,100700.0,1007.0
73W,16,32.9,130.3,100600.0,1006.0
73W,16,33.0,133.3,100400.0,1004.0
73W,16,33.1,134.3,100500.0,1005.0
73W,16,33.8,137.6,100600.0,1006.0
73W,16,33.6,138.70000000000002,100600.0,1006.0
73W,16,33.8,141.1,100700.0,1007.0
73W,16,34.5,144.3,100500.0,1005.0
73W,16,34.1,144.9,100700.0,1007.0
73W,24,6.6000000000000005,126.9,100700.0,1007.0
73W,24,6.5,126.4,100800.0,1008.0
73W,25,0.9,175.0,100500.0,1005.0
73W,25,0.1,175.5,100400.0,1004.0
73W,25,-0.1,174.9,100500.0,1005.0
73W,25,-0.3,175.20000000000002,100300.0,1003.0
73W,25,-0.5,174.70000000000002,100500.0,1005.0
73W,25,-0.5,174.70000000000002,100400.0,1004.0
73W,25,-0.4,174.5,100500.0,1005.0
73W,25,-0.3,174.5,100400.0,1004.0
73W,25,-0.5,174.70000000000002,100600.0,1006.0
73W,25,-0.4,174.70000000000002,100400.0,1004.0
73W,25,-0.1,174.5,100600.0,1006.0
73W,25,-0.3,175.5,100700.0,1007.0
73W,25,-0.1,175.1,100700.0,1007.0
73W,25,1.1,174.9,100600.0,1006.0
73W,25,0.2,174.6,100700.0,1007.0
73W,25,1.6,174.5,100600.0,1006.0
73W,27,9.1,166.70000000000002,100700.0,1007.0
73W,27,6.1000000000000005,163.1,100300.0,1003.0
73W,27,6.8,162.1,100400.0,1004.0
73W,27,7.2,164.70000000000002,100200.0,1002.0
73W,27,6.4,165.0,100000.0,1000.0
73W,27,7.7,165.9,99800.0,998.0
73W,27,7.6000000000000005,166.0,99500.0,995.0
73W,27,8.1,166.8,99600.0,996.0
73W,29,8.3,173.1,100600.0,1006.0
73W,29,8.4,173.3,100500.0,1005.0
73W,29,7.8,173.1,100600.0,1006.0
73W,29,7.4,172.8,100500.0,1005.0
73W,29,7.0,172.6,100600.0,1006.0
73W,29,6.9,172.5,100600.0,1006.0
73W,29,7.4,172.1,100700.0,1007.0
73W,29,8.1,171.70000000000002,100600.0,1006.0
73W,29,8.5,171.1,100700.0,1007.0
73W,31,7.5,172.8,100700.0,1007.0
73W,31,8.8,172.6,100600.0,1006.0
73W,31,6.8,172.5,100800.0,1008.0
73W,32,0.3,174.5,100500.0,1005.0
73W,32,-0.2,173.3,100500.0,1005.0
73W,32,-0.3,172.9,100200.0,1002.0
73W,32,-1.2,173.0,100600.0,1006.0
73W,34,13.4,122.8,100700.0,1007.0
73W,34,13.8,123.2,100500.0,1005.0
73W,34,13.9,118.60000000000001,100300.0,1003.0
73W,34,14.9,117.60000000000001,100200.0,1002.0
73W,34,15.700000000000001,117.2,100000.0,1000.0
73W,34,16.3,116.0,99800.0,998.0
73W,34,15.0,116.5,98300.0,983.0
73W,34,16.7,115.9,98100.0,981.0
73W,34,17.5,114.7,97300.0,973.0
73W,34,17.6,113.60000000000001,97200.0,972.0
73W,34,18.1,113.4,97100.0,971.0
73W,34,19.2,112.9,97100.0,971.0
73W,34,19.900000000000002,111.8,97000.0,970.0
73W,34,20.2,111.3,97200.0,972.0
73W,34,20.8,110.9,97100.0,971.0
73W,34,21.5,110.60000000000001,96800.0,968.0
73W,34,22.1,109.9,97300.0,973.0
73W,34,22.3,109.60000000000001,97300.0,973.0
73W,36,29.0,112.2,100500.0,1005.0
73W,36,32.6,119.3,100200.0,1002.0
73W,36,33.7,121.5,100000.0,1000.0
73W,36,34.2,123.8,100000.0,1000.0
73W,36,34.6,125.7,100000.0,1000.0
73W,38,11.0,155.3,100400.0,1004.0
73W,38,11.4,153.3,100600.0,1006.0
73W,38,11.200000000000001,153.3,100300.0,1003.0
73W,38,12.0,152.1,100400.0,1004.0
73W,38,12.4,151.20000000000002,99700.0,997.0
73W,38,12.4,150.1,99900.0,999.0
73W,38,11.9,149.6,99200.0,992.0
73W,43,9.1,164.4,100600.0,1006.0
73W,43,7.8,164.8,100700.0,1007.0
73W,43,7.7,164.5,100500.0,1005.0
73W,43,7.3,164.1,100600.0,1006.0
73W,43,6.8,164.3,100400.0,1004.0
73W,43,7.1000000000000005,165.9,100400.0,1004.0
73W,43,7.9,165.5,99600.0,996.0
73W,43,8.4,165.5,99800.0,998.0
73W,43,9.200000000000001,166.0,99400.0,994.0
74W,6,14.3,111.3,100100.0,1001.0
74W,6,13.3,112.9,99800.0,998.0
74W,6,14.0,115.3,99500.0,995.0
74W,6,16.2,116.2,99100.0,991.0
74W,6,20.400000000000002,114.3,99000.0,990.0
74W,6,20.7,111.7,99100.0,991.0
74W,6,20.400000000000002,110.9,99100.0,991.0
74W,6,20.3,112.2,99100.0,991.0
74W,6,21.2,112.3,99000.0,990.0
74W,6,23.7,112.2,99400.0,994.0
74W,6,25.8,112.3,99500.0,995.0
74W,15,29.3,112.2,100400.0,1004.0
74W,15,30.3,113.4,99800.0,998.0
74W,15,30.900000000000002,114.9,100200.0,1002.0
74W,15,31.5,117.7,100100.0,1001.0
74W,15,32.1,118.8,100300.0,1003.0
74W,15,32.7,121.60000000000001,100100.0,1001.0
74W,27,1.5,174.6,100700.0,1007.0
74W,27,-0.1,173.6,100500.0,1005.0
74W,27,0.5,173.3,100700.0,1007.0
74W,27,1.0,173.70000000000002,100600.0,1006.0
74W,27,0.2,174.0,100500.0,1005.0
74W,27,-0.3,173.8,100700.0,1007.0
74W,27,-1.3,173.4,100600.0,1006.0
74W,29,9.8,167.20000000000002,100600.0,1006.0
74W,29,11.0,165.0,100600.0,1006.0
74W,29,12.200000000000001,162.70000000000002,100800.0,1008.0
74W,29,12.3,161.20000000000002,100700.0,1007.0
74W,29,12.4,160.1,100900.0,1009.0
74W,29,12.8,158.9,100700.0,1007.0
74W,31,9.9,171.1,100600.0,1006.0
74W,31,9.700000000000001,170.6,100700.0,1007.0
74W,31,10.5,169.3,100700.0,1007.0
74W,31,10.200000000000001,168.4,100400.0,1004.0
74W,31,11.0,167.6,100400.0,1004.0
74W,31,11.6,166.6,100100.0,1001.0
74W,34,11.0,110.5,100400.0,1004.0
74W,34,10.700000000000001,114.10000000000001,100100.0,1001.0
74W,34,12.3,115.8,99500.0,995.0
74W,34,13.700000000000001,116.7,98500.0,985.0
75W,6,16.4,111.7,99200.0,992.0
75W,6,17.1,113.9,98900.0,989.0
75W,31,33.0,135.0,100700.0,1007.0
75W,31,33.1,138.3,100800.0,1008.0
