# If this file contains data that relates to a time no more than 48 hours ago,
# BY USING IT YOU AGREE TO THE LEGALLY BINDING TERMS OF USE FOUND AT
#   https://storage.googleapis.com/weathernext-public/terms-of-use.pdf
# Any data that relates to a time more than 48 hours ago is licensed under the
# Creative Commons Attribution International License, Version 4.0 (CC BY 4.0).
# BEGIN DATA
init_time,track_id,sample,valid_time,lead_time,lat,lon,minimum_sea_level_pressure_hpa,maximum_sustained_wind_speed_knots,radius_of_maximum_winds_km,radius_34_knot_winds_ne_km,radius_34_knot_winds_se_km,radius_34_knot_winds_sw_km,radius_34_knot_winds_nw_km,radius_50_knot_winds_ne_km,radius_50_knot_winds_se_km,radius_50_knot_winds_sw_km,radius_50_knot_winds_nw_km,radius_64_knot_winds_ne_km,radius_64_knot_winds_se_km,radius_64_knot_winds_sw_km,radius_64_knot_winds_nw_km
2026-06-29,WP952026,0.0,2026-06-29 00:00:00,0 days 00:00:00,9.1,167.8,1006.0,25.0,277.0,0.0,0.0,0.0,0.0,0.0,0.0,0.0,0.0,0.0,0.0,0.0,0.0
2026-06-29,WP952026,0.0,2026-06-29 06:00:00,0 days 06:00:00,8.75,165.39,1009.0,15.8,78.85236706560045,0.0,0.0,0.0,0.0,0.0,0.0,0.0,0.0,0.0,0.0,0.0,0.0
2026-06-29,WP952026,1.0,2026-06-29 00:00:00,0 days 00:00:00,9.1,167.8,1006.0,25.0,277.0,0.0,0.0,0.0,0.0,0.0,0.0,0.0,0.0,0.0,0.0,0.0,0.0
2026-06-29,WP952026,1.0,2026-06-29 06:00:00,0 days 06:00:00,9.05,172.26,1006.6,18.5,79.22456408552696,0.0,0.0,0.0,0.0,0.0,0.0,0.0,0.0,0.0,0.0,0.0,0.0
2026-06-29,WP952026,1.0,2026-06-29 12:00:00,0 days 12:00:00,8.35,172.75,1007.4,19.5,132.9243180820804,0.0,0.0,0.0,0.0,0.0,0.0,0.0,0.0,0.0,0.0,0.0,0.0
2026-06-29,WP952026,1.0,2026-06-29 18:00:00,0 days 18:00:00,8.62,171.79,1009.6,16.8,170.9145472685995,0.0,0.0,0.0,0.0,0.0,0.0,0.0,0.0,0.0,0.0,0.0,0.0
2026-06-29,WP952026,2.0,2026-06-29 00:00:00,0 days 00:00:00,9.1,167.8,1006.0,25.0,277.0,0.0,0.0,0.0,0.0,0.0,0.0,0.0,0.0,0.0,0.0,0.0,0.0
2026-06-29,WP952026,3.0,2026-06-29 00:00:00,0 days 00:00:00,9.1,167.8,1006.0,25.0,277.0,0.0,0.0,0.0,0.0,0.0,0.0,0.0,0.0,0.0,0.0,0.0,0.0
2026-06-29,WP952026,4.0,2026-06-29 00:00:00,0 days 00:00:00,9.1,167.8,1006.0,25.0,277.0,0.0,0.0,0.0,0.0,0.0,0.0,0.0,0.0,0.0,0.0,0.0,0.0
2026-06-29,WP952026,4.0,2026-06-29 06:00:00,0 days 06:00:00,8.28,165.1,1009.0,13.4,142.19940989351738,0.0,0.0,0.0,0.0,0.0,0.0,0.0,0.0,0.0,0.0,0.0,0.0
2026-06-29,WP952026,4.0,2026-06-29 12:00:00,0 days 12:00:00,8.66,165.35,1009.0,15.4,127.77244008976972,0.0,0.0,0.0,0.0,0.0,0.0,0.0,0.0,0.0,0.0,0.0,0.0
2026-06-29,WP952026,4.0,2026-06-29 18:00:00,0 days 18:00:00,8.71,164.16,1008.6,13.1,133.6001734320777,0.0,0.0,0.0,0.0,0.0,0.0,0.0,0.0,0.0,0.0,0.0,0.0
2026-06-29,WP952026,4.0,2026-06-30 00:00:00,1 days 00:00:00,8.08,163.79,1006.6,17.3,129.8913771557458,0.0,0.0,0.0,0.0,0.0,0.0,0.0,0.0,0.0,0.0,0.0,0.0
2026-06-29,WP952026,5.0,2026-06-29 00:00:00,0 days 00:00:00,9.1,167.8,1006.0,25.0,277.0,0.0,0.0,0.0,0.0,0.0,0.0,0.0,0.0,0.0,0.0,0.0,0.0
2026-06-29,WP952026,6.0,2026-06-29 00:00:00,0 days 00:00:00,9.1,167.8,1006.0,25.0,277.0,0.0,0.0,0.0,0.0,0.0,0.0,0.0,0.0,0.0,0.0,0.0,0.0
2026-06-29,WP952026,7.0,2026-06-29 00:00:00,0 days 00:00:00,9.1,167.8,1006.0,25.0,277.0,0.0,0.0,0.0,0.0,0.0,0.0,0.0,0.0,0.0,0.0,0.0,0.0
2026-06-29,WP952026,8.0,2026-06-29 00:00:00,0 days 00:00:00,9.1,167.8,1006.0,25.0,277.0,0.0,0.0,0.0,0.0,0.0,0.0,0.0,0.0,0.0,0.0,0.0,0.0
2026-06-29,WP952026,9.0,2026-06-29 00:00:00,0 days 00:00:00,9.1,167.8,1006.0,25.0,277.0,0.0,0.0,0.0,0.0,0.0,0.0,0.0,0.0,0.0,0.0,0.0,0.0
2026-06-29,WP952026,10.0,2026-06-29 00:00:00,0 days 00:00:00,9.1,167.8,1006.0,25.0,277.0,0.0,0.0,0.0,0.0,0.0,0.0,0.0,0.0,0.0,0.0,0.0,0.0
2026-06-29,WP952026,11.0,2026-06-29 00:00:00,0 days 00:00:00,9.1,167.8,1006.0,25.0,277.0,0.0,0.0,0.0,0.0,0.0,0.0,0.0,0.0,0.0,0.0,0.0,0.0
2026-06-29,WP952026,12.0,2026-06-29 00:00:00,0 days 00:00:00,9.1,167.8,1006.0,25.0,277.0,0.0,0.0,0.0,0.0,0.0,0.0,0.0,0.0,0.0,0.0,0.0,0.0
2026-06-29,WP952026,12.0,2026-06-29 06:00:00,0 days 06:00:00,8.08,165.51,1008.7,14.5,71.74966158821299,0.0,0.0,0.0,0.0,0.0,0.0,0.0,0.0,0.0,0.0,0.0,0.0
2026-06-29,WP952026,13.0,2026-06-29 00:00:00,0 days 00:00:00,9.1,167.8,1006.0,25.0,277.0,0.0,0.0,0.0,0.0,0.0,0.0,0.0,0.0,0.0,0.0,0.0,0.0
2026-06-29,WP952026,14.0,2026-06-29 00:00:00,0 days 00:00:00,9.1,167.8,1006.0,25.0,277.0,0.0,0.0,0.0,0.0,0.0,0.0,0.0,0.0,0.0,0.0,0.0,0.0
2026-06-29,WP952026,15.0,2026-06-29 00:00:00,0 days 00:00:00,9.1,167.8,1006.0,25.0,277.0,0.0,0.0,0.0,0.0,0.0,0.0,0.0,0.0,0.0,0.0,0.0,0.0
2026-06-29,WP952026,15.0,2026-06-29 06:00:00,0 days 06:00:00,7.98,166.38,1005.4,16.1,116.84195435863666,0.0,0.0,0.0,0.0,0.0,0.0,0.0,0.0,0.0,0.0,0.0,0.0
2026-06-29,WP952026,16.0,2026-06-29 00:00:00,0 days 00:00:00,9.1,167.8,1006.0,25.0,277.0,0.0,0.0,0.0,0.0,0.0,0.0,0.0,0.0,0.0,0.0,0.0,0.0
2026-06-29,WP952026,17.0,2026-06-29 00:00:00,0 days 00:00:00,9.1,167.8,1006.0,25.0,277.0,0.0,0.0,0.0,0.0,0.0,0.0,0.0,0.0,0.0,0.0,0.0,0.0
2026-06-29,WP952026,17.0,2026-06-29 06:00:00,0 days 06:00:00,8.7,171.49,1008.7,14.9,60.71038476331421,0.0,0.0,0.0,0.0,0.0,0.0,0.0,0.0,0.0,0.0,0.0,0.0
2026-06-29,WP952026,17.0,2026-06-29 12:00:00,0 days 12:00:00,8.45,172.38,1007.2,20.4,105.38425882380336,0.0,0.0,0.0,0.0,0.0,0.0,0.0,0.0,0.0,0.0,0.0,0.0
2026-06-29,WP952026,17.0,2026-06-29 18:00:00,0 days 18:00:00,9.51,171.31,1008.8,16.9,81.97308846277512,0.0,0.0,0.0,0.0,0.0,0.0,0.0,0.0,0.0,0.0,0.0,0.0
2026-06-29,WP952026,17.0,2026-06-30 00:00:00,1 days 00:00:00,10.22,170.5,1004.2,25.2,129.14850984110507,0.0,0.0,0.0,0.0,0.0,0.0,0.0,0.0,0.0,0.0,0.0,0.0
2026-06-29,WP952026,18.0,2026-06-29 00:00:00,0 days 00:00:00,9.1,167.8,1006.0,25.0,277.0,0.0,0.0,0.0,0.0,0.0,0.0,0.0,0.0,0.0,0.0,0.0,0.0
2026-06-29,WP952026,19.0,2026-06-29 00:00:00,0 days 00:00:00,9.1,167.8,1006.0,25.0,277.0,0.0,0.0,0.0,0.0,0.0,0.0,0.0,0.0,0.0,0.0,0.0,0.0
2026-06-29,WP952026,20.0,2026-06-29 00:00:00,0 days 00:00:00,9.1,167.8,1006.0,25.0,277.0,0.0,0.0,0.0,0.0,0.0,0.0,0.0,0.0,0.0,0.0,0.0,0.0
2026-06-29,WP952026,20.0,2026-06-29 06:00:00,0 days 06:00:00,9.43,172.08,1007.3,19.0,92.41650392050474,0.0,0.0,0.0,0.0,0.0,0.0,0.0,0.0,0.0,0.0,0.0,0.0
2026-06-29,WP952026,21.0,2026-06-29 00:00:00,0 days 00:00:00,9.1,167.8,1006.0,25.0,277.0,0.0,0.0,0.0,0.0,0.0,0.0,0.0,0.0,0.0,0.0,0.0,0.0
2026-06-29,WP952026,22.0,2026-06-29 00:00:00,0 days 00:00:00,9.1,167.8,1006.0,25.0,277.0,0.0,0.0,0.0,0.0,0.0,0.0,0.0,0.0,0.0,0.0,0.0,0.0
2026-06-29,WP952026,23.0,2026-06-29 00:00:00,0 days 00:00:00,9.1,167.8,1006.0,25.0,277.0,0.0,0.0,0.0,0.0,0.0,0.0,0.0,0.0,0.0,0.0,0.0,0.0
2026-06-29,WP952026,24.0,2026-06-29 00:00:00,0 days 00:00:00,9.1,167.8,1006.0,25.0,277.0,0.0,0.0,0.0,0.0,0.0,0.0,0.0,0.0,0.0,0.0,0.0,0.0
2026-06-29,WP952026,25.0,2026-06-29 00:00:00,0 days 00:00:00,9.1,167.8,1006.0,25.0,277.0,0.0,0.0,0.0,0.0,0.0,0.0,0.0,0.0,0.0,0.0,0.0,0.0
2026-06-29,WP952026,26.0,2026-06-29 00:00:00,0 days 00:00:00,9.1,167.8,1006.0,25.0,277.0,0.0,0.0,0.0,0.0,0.0,0.0,0.0,0.0,0.0,0.0,0.0,0.0
2026-06-29,WP952026,27.0,2026-06-29 00:00:00,0 days 00:00:00,9.1,167.8,1006.0,25.0,277.0,0.0,0.0,0.0,0.0,0.0,0.0,0.0,0.0,0.0,0.0,0.0,0.0
2026-06-29,WP952026,28.0,2026-06-29 00:00:00,0 days 00:00:00,9.1,167.8,1006.0,25.0,277.0,0.0,0.0,0.0,0.0,0.0,0.0,0.0,0.0,0.0,0.0,0.0,0.0
2026-06-29,WP952026,29.0,2026-06-29 00:00:00,0 days 00:00:00,9.1,167.8,1006.0,25.0,277.0,0.0,0.0,0.0,0.0,0.0,0.0,0.0,0.0,0.0,0.0,0.0,0.0
2026-06-29,WP952026,30.0,2026-06-29 00:00:00,0 days 00:00:00,9.1,167.8,1006.0,25.0,277.0,0.0,0.0,0.0,0.0,0.0,0.0,0.0,0.0,0.0,0.0,0.0,0.0
2026-06-29,WP952026,30.0,2026-06-29 06:00:00,0 days 06:00:00,9.97,165.93,1007.3,19.2,95.74462568838204,0.0,0.0,0.0,0.0,0.0,0.0,0.0,0.0,0.0,0.0,0.0,0.0
2026-06-29,WP952026,31.0,2026-06-29 00:00:00,0 days 00:00:00,9.1,167.8,1006.0,25.0,277.0,0.0,0.0,0.0,0.0,0.0,0.0,0.0,0.0,0.0,0.0,0.0,0.0
2026-06-29,WP952026,32.0,2026-06-29 00:00:00,0 days 00:00:00,9.1,167.8,1006.0,25.0,277.0,0.0,0.0,0.0,0.0,0.0,0.0,0.0,0.0,0.0,0.0,0.0,0.0
2026-06-29,WP952026,32.0,2026-06-29 06:00:00,0 days 06:00:00,8.79,165.72,1007.6,16.9,85.69597496194476,0.0,0.0,0.0,0.0,0.0,0.0,0.0,0.0,0.0,0.0,0.0,0.0
2026-06-29,WP952026,32.0,2026-06-29 12:00:00,0 days 12:00:00,7.84,164.68,1007.8,11.7,158.05232799471847,0.0,0.0,0.0,0.0,0.0,0.0,0.0,0.0,0.0,0.0,0.0,0.0
2026-06-29,WP952026,32.0,2026-06-29 18:00:00,0 days 18:00:00,7.98,166.15,1010.3,14.4,93.4224057842062,0.0,0.0,0.0,0.0,0.0,0.0,0.0,0.0,0.0,0.0,0.0,0.0
2026-06-29,WP952026,32.0,2026-06-30 00:00:00,1 days 00:00:00,7.31,165.43,1010.4,9.9,68.75803407763982,0.0,0.0,0.0,0.0,0.0,0.0,0.0,0.0,0.0,0.0,0.0,0.0
2026-06-29,WP952026,32.0,2026-06-30 06:00:00,1 days 06:00:00,7.36,165.41,1007.4,14.6,73.3384533787243,0.0,0.0,0.0,0.0,0.0,0.0,0.0,0.0,0.0,0.0,0.0,0.0
2026-06-29,WP952026,32.0,2026-06-30 12:00:00,1 days 12:00:00,6.75,164.93,1007.2,17.1,137.55082402186878,0.0,0.0,0.0,0.0,0.0,0.0,0.0,0.0,0.0,0.0,0.0,0.0
2026-06-29,WP952026,32.0,2026-06-30 18:00:00,1 days 18:00:00,7.59,165.23,1007.6,14.3,130.45205451572355,0.0,0.0,0.0,0.0,0.0,0.0,0.0,0.0,0.0,0.0,0.0,0.0
2026-06-29,WP952026,33.0,2026-06-29 00:00:00,0 days 00:00:00,9.1,167.8,1006.0,25.0,277.0,0.0,0.0,0.0,0.0,0.0,0.0,0.0,0.0,0.0,0.0,0.0,0.0
2026-06-29,WP952026,34.0,2026-06-29 00:00:00,0 days 00:00:00,9.1,167.8,1006.0,25.0,277.0,0.0,0.0,0.0,0.0,0.0,0.0,0.0,0.0,0.0,0.0,0.0,0.0
2026-06-29,WP952026,35.0,2026-06-29 00:00:00,0 days 00:00:00,9.1,167.8,1006.0,25.0,277.0,0.0,0.0,0.0,0.0,0.0,0.0,0.0,0.0,0.0,0.0,0.0,0.0
2026-06-29,WP952026,35.0,2026-06-29 06:00:00,0 days 06:00:00,8.93,165.44,1007.0,12.4,115.92987305715012,0.0,0.0,0.0,0.0,0.0,0.0,0.0,0.0,0.0,0.0,0.0,0.0
2026-06-29,WP952026,36.0,2026-06-29 00:00:00,0 days 00:00:00,9.1,167.8,1006.0,25.0,277.0,0.0,0.0,0.0,0.0,0.0,0.0,0.0,0.0,0.0,0.0,0.0,0.0
2026-06-29,WP952026,37.0,2026-06-29 00:00:00,0 days 00:00:00,9.1,167.8,1006.0,25.0,277.0,0.0,0.0,0.0,0.0,0.0,0.0,0.0,0.0,0.0,0.0,0.0,0.0
2026-06-29,WP952026,37.0,2026-06-29 06:00:00,0 days 06:00:00,8.71,171.92,1005.6,19.1,70.90400620444393,0.0,0.0,0.0,0.0,0.0,0.0,0.0,0.0,0.0,0.0,0.0,0.0
2026-06-29,WP952026,37.0,2026-06-29 12:00:00,0 days 12:00:00,8.95,172.6,1009.6,13.4,57.251529225969925,0.0,0.0,0.0,0.0,0.0,0.0,0.0,0.0,0.0,0.0,0.0,0.0
2026-06-29,WP952026,38.0,2026-06-29 00:00:00,0 days 00:00:00,9.1,167.8,1006.0,25.0,277.0,0.0,0.0,0.0,0.0,0.0,0.0,0.0,0.0,0.0,0.0,0.0,0.0
2026-06-29,WP952026,39.0,2026-06-29 00:00:00,0 days 00:00:00,9.1,167.8,1006.0,25.0,277.0,0.0,0.0,0.0,0.0,0.0,0.0,0.0,0.0,0.0,0.0,0.0,0.0
2026-06-29,WP952026,40.0,2026-06-29 00:00:00,0 days 00:00:00,9.1,167.8,1006.0,25.0,277.0,0.0,0.0,0.0,0.0,0.0,0.0,0.0,0.0,0.0,0.0,0.0,0.0
2026-06-29,WP952026,40.0,2026-06-29 06:00:00,0 days 06:00:00,8.59,166.09,1011.8,12.5,59.37063808519457,0.0,0.0,0.0,0.0,0.0,0.0,0.0,0.0,0.0,0.0,0.0,0.0
2026-06-29,WP952026,41.0,2026-06-29 00:00:00,0 days 00:00:00,9.1,167.8,1006.0,25.0,277.0,0.0,0.0,0.0,0.0,0.0,0.0,0.0,0.0,0.0,0.0,0.0,0.0
2026-06-29,WP952026,42.0,2026-06-29 00:00:00,0 days 00:00:00,9.1,167.8,1006.0,25.0,277.0,0.0,0.0,0.0,0.0,0.0,0.0,0.0,0.0,0.0,0.0,0.0,0.0
2026-06-29,WP952026,43.0,2026-06-29 00:00:00,0 days 00:00:00,9.1,167.8,1006.0,25.0,277.0,0.0,0.0,0.0,0.0,0.0,0.0,0.0,0.0,0.0,0.0,0.0,0.0
2026-06-29,WP952026,44.0,2026-06-29 00:00:00,0 days 00:00:00,9.1,167.8,1006.0,25.0,277.0,0.0,0.0,0.0,0.0,0.0,0.0,0.0,0.0,0.0,0.0,0.0,0.0
2026-06-29,WP952026,45.0,2026-06-29 00:00:00,0 days 00:00:00,9.1,167.8,1006.0,25.0,277.0,0.0,0.0,0.0,0.0,0.0,0.0,0.0,0.0,0.0,0.0,0.0,0.0
2026-06-29,WP952026,45.0,2026-06-29 06:00:00,0 days 06:00:00,9.02,171.59,1005.6,22.7,100.48873976099988,0.0,0.0,0.0,0.0,0.0,0.0,0.0,0.0,0.0,0.0,0.0,0.0
2026-06-29,WP952026,45.0,2026-06-29 12:00:00,0 days 12:00:00,8.98,172.18,1010.6,14.0,61.41835621393204,0.0,0.0,0.0,0.0,0.0,0.0,0.0,0.0,0.0,0.0,0.0,0.0
2026-06-29,WP952026,45.0,2026-06-29 18:00:00,0 days 18:00:00,8.83,170.68,1004.7,19.1,104.68872739157108,0.0,0.0,0.0,0.0,0.0,0.0,0.0,0.0,0.0,0.0,0.0,0.0
2026-06-29,WP952026,46.0,2026-06-29 00:00:00,0 days 00:00:00,9.1,167.8,1006.0,25.0,277.0,0.0,0.0,0.0,0.0,0.0,0.0,0.0,0.0,0.0,0.0,0.0,0.0
2026-06-29,WP952026,47.0,2026-06-29 00:00:00,0 days 00:00:00,9.1,167.8,1006.0,25.0,277.0,0.0,0.0,0.0,0.0,0.0,0.0,0.0,0.0,0.0,0.0,0.0,0.0
2026-06-29,WP952026,48.0,2026-06-29 00:00:00,0 days 00:00:00,9.1,167.8,1006.0,25.0,277.0,0.0,0.0,0.0,0.0,0.0,0.0,0.0,0.0,0.0,0.0,0.0,0.0
2026-06-29,WP952026,48.0,2026-06-29 06:00:00,0 days 06:00:00,8.18,165.64,1005.9,16.5,101.75309423814696,0.0,0.0,0.0,0.0,0.0,0.0,0.0,0.0,0.0,0.0,0.0,0.0
2026-06-29,WP952026,49.0,2026-06-29 00:00:00,0 days 00:00:00,9.1,167.8,1006.0,25.0,277.0,0.0,0.0,0.0,0.0,0.0,0.0,0.0,0.0,0.0,0.0,0.0,0.0
